Bug-ID,Mutation Tool
Chart-11f,MAJOR,COR,COR,ROR,LVR,LVR,COR,LVR,COR,COR,LVR,STD,STD,STD
Chart-11f,PIT,VoidMethodCall,VoidMethodCall,BooleanTrueReturnVals,BooleanTrueReturnVals,BooleanTrueReturnVals,BooleanTrueReturnVals,InlineConstant,InlineConstant,InlineConstant,InlineConstant,InlineConstant,NonVoidMethodCall,RemoveConditional,RemoveConditional,RemoveConditional,RemoveConditional,RemoveConditional,ReturnVals,ReturnVals,ReturnVals,CRCR,CRCR,CRCR,CRCR,CRCR,CRCR,CRCR,CRCR,CRCR,CRCR,CRCR,CRCR,CRCR,CRCR,CRCR,CRCR,CRCR,CRCR,CRCR,CRCR,ROR,ROR,ROR,ROR,ROR,ROR,ROR,UOI
Chart-12f,MAJOR,STD,STD,LVR
Chart-12f,PIT,BooleanFalseReturnVals,InlineConstant,ReturnVals,CRCR,CRCR,CRCR,NonVoidMethodCall,VoidMethodCall,VoidMethodCall
Chart-16f,MAJOR,STD,STD,LVR,ROR
Chart-16f,PIT,MemberVariable,MemberVariable,ArgumentPropagation,MemberVariable,ConstructorCall,RemoveConditional,InlineConstant,CRCR,CRCR,UOI
Chart-17f,MAJOR,AOR,AOR,AOR,AOR
Chart-17f,PIT,AOR,AOR
Chart-18f,MAJOR,COR,LVR,ROR,STD,LVR,ROR
Chart-18f,PIT,ConstructorCall,ConstructorCall,NonVoidMethodCall,NonVoidMethodCall,NonVoidMethodCall,RemoveConditional,RemoveConditional,RemoveConditional,VoidMethodCall,ROR,ROR,ROR,UOI,ConstructorCall,ConstructorCall,NonVoidMethodCall,NonVoidMethodCall,NonVoidMethodCall,RemoveConditional
Chart-1f,MAJOR,ROR,LVR,ROR,COR,STD
Chart-1f,PIT,ABS,InlineConstant,NonVoidMethodCall,NonVoidMethodCall,NonVoidMethodCall,NonVoidMethodCall,NullReturnVals,RemoveConditional,RemoveConditional,RemoveConditional,RemoveConditional,RemoveConditional,RemoveConditional,ReturnVals,VoidMethodCall,ABS,CRCR,CRCR,ROR,ROR,ROR,ROR,ROR,ROR,UOI,UOI,UOI,UOI
Chart-20f,MAJOR
Chart-20f,PIT
Chart-21f,MAJOR,ROR,ROR,ROR,COR,STD,STD,ROR,ROR,COR,COR
Chart-21f,PIT,RemoveConditional,RemoveConditional,ROR,ROR,ROR,ROR,ROR,ROR,UOI,UOI,UOI,UOI,UOI,UOI,UOI,UOI,UOI,UOI,UOI,UOI,UOI,UOI,RemoveConditional,RemoveConditional,RemoveConditional,RemoveConditional,RemoveConditional,RemoveConditional,MemberVariable,MemberVariable,ABS,ABS,ABS,ABS,ROR,ROR,ROR,ROR,ROR,ROR,ROR,ROR,ROR,ROR,UOI,UOI,UOI,UOI,UOI,UOI,UOI,UOI,UOI,UOI,UOI,UOI,UOI,UOI,UOI
Chart-22f,MAJOR,ROR,ROR,LVR,ROR,STD,ROR,COR,LVR,ROR,LVR,ROR
Chart-22f,PIT,UOI,UOI,UOI,NonVoidMethodCall,RemoveConditional,ReturnVals,ABS,ABS,ROR,ROR,ROR,NonVoidMethodCall,RemoveConditional,ABS,ROR,ROR,ROR,RemoveConditional,ConstructorCall,ConstructorCall,NonVoidMethodCall,NonVoidMethodCall,NonVoidMethodCall,RemoveConditional
Chart-23f,MAJOR,LVR,STD,STD,ROR,ROR,LVR,COR,LVR,COR,LVR
Chart-23f,PIT,BooleanTrueReturnVals,BooleanTrueReturnVals,BooleanTrueReturnVals,InlineConstant,InlineConstant,InlineConstant,RemoveConditional,RemoveConditional,RemoveConditional,ReturnVals,ReturnVals,ReturnVals,CRCR,CRCR,CRCR,CRCR,CRCR,CRCR,CRCR,CRCR,CRCR,CRCR,CRCR,CRCR,ROR,ROR,ROR,MemberVariable,MemberVariable
Chart-24f,MAJOR,STD
Chart-24f,PIT
Chart-25f,MAJOR,ROR,ROR,ROR,ROR
Chart-25f,PIT,RemoveConditional,RemoveConditional,ABS,ABS,ABS,RemoveConditional,RemoveConditional
Chart-26f,MAJOR,STD,STD,LVR,ROR
Chart-26f,PIT,RemoveConditional,ROR,ConstructorCall,ABS
Chart-2f,MAJOR,LVR,COR,STD,STD,STD,STD,COR,STD,STD,STD
Chart-2f,PIT,InlineConstant,CRCR,CRCR,ArgumentPropagation,ArgumentPropagation,RemoveConditional,ROR,UOI,UOI,UOI,UOI,UOI,UOI,RemoveConditional,ROR,UOI,UOI,UOI,UOI
Chart-5f,MAJOR
Chart-5f,PIT
Chart-6f,MAJOR,LVR,ROR,STD,STD,LVR,LVR,STD,LVR,LVR,ROR,ROR,STD
Chart-6f,PIT,Increments,InlineConstant,NonVoidMethodCall,NonVoidMethodCall,RemoveConditional,RemoveConditional,ABS,ABS,ABS,CRCR,CRCR,CRCR,CRCR,CRCR,ROR,ROR,ROR,ROR,UOI,UOI,UOI,UOI,UOI,UOI,UOI,UOI,InlineConstant,InlineConstant,RemoveConditional,VoidMethodCall,VoidMethodCall,VoidMethodCall,ABS,ABS,CRCR,CRCR,CRCR,CRCR,CRCR,CRCR,CRCR,ROR,ROR,UOI,UOI,UOI,UOI,UOI,UOI,UOI,UOI,UOI
Chart-8f,MAJOR,ROR
Chart-8f,PIT,RemoveConditional
Cli-12f,MAJOR,ROR,COR,LVR,LVR,LVR,AOR,AOR,AOR
Cli-12f,PIT,InlineConstant,InlineConstant,InlineConstant,NonVoidMethodCall,NonVoidMethodCall,NonVoidMethodCall,NonVoidMethodCall,NonVoidMethodCall,RemoveConditional,RemoveConditional,NakedReceiver,AOD,AOD,AOR,AOR,AOR,CRCR,CRCR,CRCR,CRCR,CRCR,CRCR,CRCR,CRCR,CRCR,CRCR,CRCR,ROR,ROR
Cli-14f,MAJOR
Cli-14f,PIT
Cli-15f,MAJOR,ROR,ROR,ROR,STD
Cli-15f,PIT,ConstructorCall,NonVoidMethodCall,NonVoidMethodCall,NonVoidMethodCall,NonVoidMethodCall,NonVoidMethodCall,RemoveConditional,RemoveConditional,RemoveConditional,ABS,ABS,ROR,ROR,ROR,ROR,ROR,UOI,UOI,UOI,UOI,UOI
Cli-18f,MAJOR,COR,LVR,STD,STD
Cli-18f,PIT,NonVoidMethodCall,InlineConstant,NonVoidMethodCall,RemoveConditional,MemberVariable,CRCR,CRCR,CRCR,ROR
Cli-19f,MAJOR
Cli-19f,PIT
Cli-21f,MAJOR
Cli-21f,PIT
Cli-22f,MAJOR,LVR,STD,COR,COR,STD
Cli-22f,PIT,NonVoidMethodCall,MemberVariable,UOI,UOI,UOI,NonVoidMethodCall,RemoveConditional,ROR,NonVoidMethodCall,NonVoidMethodCall,RemoveConditional,MemberVariable,ROR,ROR,ROR
Cli-23f,MAJOR,ROR,COR
Cli-23f,PIT,RemoveConditional,ABS,ROR,UOI,UOI,UOI,AOD
Cli-24f,MAJOR,AOR,COR,COR,STD,ROR,ROR,LVR,LVR,AOR,AOR,AOR,AOR,STD,ROR,ROR,COR,COR,ROR
Cli-24f,PIT,NonVoidMethodCall,ROR,UOI,UOI,UOI,ABS,UOI,UOI,UOI,UOI,UOI,UOI,UOI,UOI,UOI,UOI,UOI,UOI,UOI,UOI,UOI,UOI,UOI,UOI,UOI,UOI,ArgumentPropagation,NonVoidMethodCall,AOD,AOD,AOR,CRCR,UOI,UOI,UOI,ABS,AOD,AOR,CRCR,UOI,UOI,UOI,UOI,UOI,UOI,UOI,UOI,UOI,UOI,UOI,UOI
Cli-25f,MAJOR
Cli-25f,PIT,ABS,UOI,UOI,UOI,UOI,UOI,UOI,UOI,UOI,UOI,UOI,ArgumentPropagation,CRCR,UOI,UOI,UOI,UOI,UOI,UOI,CRCR,UOI,UOI,UOI,UOI,UOI,UOI
Cli-26f,MAJOR,STD,STD
Cli-26f,PIT,VoidMethodCall,VoidMethodCall
Cli-29f,MAJOR,LVR,LVR,ROR,COR,COR,COR,ROR,COR
Cli-29f,PIT,InlineConstant,InlineConstant,RemoveConditional,RemoveConditional,RemoveConditional,AOD,CRCR,CRCR,CRCR,CRCR,CRCR,CRCR,CRCR,CRCR,CRCR,CRCR,CRCR,ROR,ROR,ROR
Cli-2f,MAJOR
Cli-2f,PIT
Cli-31f,MAJOR
Cli-31f,PIT
Cli-32f,MAJOR,ROR
Cli-32f,PIT,ABS,ABS,ABS,AOD,AOR,UOI,UOI,UOI,UOI,UOI,UOI,UOI,UOI,UOI,UOI,UOI,UOI,UOI,UOI,UOI,UOI,UOI,UOI
Cli-33f,MAJOR
Cli-33f,PIT
Cli-34f,MAJOR
Cli-34f,PIT,CRCR,CRCR,UOI,UOI,CRCR,CRCR,CRCR,UOI,UOI
Cli-36f,MAJOR
Cli-36f,PIT
Cli-37f,MAJOR
Cli-37f,PIT
Cli-39f,MAJOR,ROR
Cli-39f,PIT,NonVoidMethodCall,NullReturnVals,RemoveConditional,ReturnVals,NullReturnVals,ReturnVals
Cli-3f,MAJOR,ROR,LVR,ROR
Cli-3f,PIT,NonVoidMethodCall,NullReturnVals,ReturnVals,InlineConstant,NonVoidMethodCall,NullReturnVals,RemoveConditional,RemoveConditional,ReturnVals,CRCR,CRCR,CRCR,CRCR,CRCR,CRCR,CRCR,CRCR,ROR,ROR,ROR,NonVoidMethodCall,NullReturnVals,ReturnVals,ConstructorCall,NullReturnVals,ReturnVals,NonVoidMethodCall,NonVoidMethodCall,NonVoidMethodCall,NonVoidMethodCall,NullReturnVals,NullReturnVals,NullReturnVals,NullReturnVals
Cli-40f,MAJOR
Cli-40f,PIT,ConstructorCall,ConstructorCall,NonVoidMethodCall,NonVoidMethodCall
Cli-5f,MAJOR
Cli-5f,PIT,EmptyObjectReturnVals,RemoveConditional,ReturnVals
Cli-8f,MAJOR,ROR,LVR,STD
Cli-8f,PIT,AOD,ArgumentPropagation,InlineConstant,NonVoidMethodCall,NonVoidMethodCall,NonVoidMethodCall,RemoveConditional,NakedReceiver,NakedReceiver,NakedReceiver,CRCR,CRCR,ROR,UOI,UOI,UOI,UOI,UOI,UOI
Closure-104f,MAJOR,COR,COR
Closure-104f,PIT,NonVoidMethodCall,NonVoidMethodCall,NonVoidMethodCall,RemoveConditional,RemoveConditional,RemoveConditional,ROR,ROR,ROR,ROR,ROR,ROR,ROR
Closure-106f,MAJOR
Closure-106f,PIT
Closure-109f,MAJOR,ROR,COR,ROR,COR,COR,STD,STD,COR,STD,COR
Closure-109f,PIT,NonVoidMethodCall,NullReturnVals,ReturnVals,ROR,NonVoidMethodCall,RemoveConditional,ROR,ROR,ROR,UOI,NonVoidMethodCall,NonVoidMethodCall,NonVoidMethodCall,NonVoidMethodCall,NonVoidMethodCall,NonVoidMethodCall,NonVoidMethodCall,RemoveConditional,RemoveConditional,RemoveConditional,RemoveConditional,RemoveConditional,ROR,ROR,ROR,ROR,ROR,ROR,ROR,ROR,ROR,ROR,ROR,ROR
Closure-128f,MAJOR
Closure-128f,PIT
Closure-129f,MAJOR
Closure-129f,PIT
Closure-12f,MAJOR,ROR,LVR,COR
Closure-12f,PIT,RemoveConditional,ROR,NonVoidMethodCall,BooleanFalseReturnVals,InlineConstant,NonVoidMethodCall,RemoveConditional,ReturnVals,CRCR,CRCR,CRCR
Closure-131f,MAJOR,COR
Closure-131f,PIT,NonVoidMethodCall
Closure-139f,MAJOR,STD,COR,STD,STD,STD,ROR,COR,ROR,ROR,STD,STD
Closure-139f,PIT
Closure-140f,MAJOR,STD,ROR,COR,STD
Closure-140f,PIT,NonVoidMethodCall,RemoveConditional,RemoveConditional,VoidMethodCall,CRCR,ROR,UOI,VoidMethodCall
Closure-141f,MAJOR,LVR,ROR,ROR,COR,COR,ROR,ROR,COR,STD
Closure-141f,PIT,BooleanTrueReturnVals,InlineConstant,ReturnVals,RemoveSwitch,CRCR,CRCR,CRCR,CRCR,EmptyObjectReturnVals,InlineConstant,InlineConstant,InlineConstant,NonVoidMethodCall,NonVoidMethodCall,NonVoidMethodCall,NonVoidMethodCall,NonVoidMethodCall,NonVoidMethodCall,NonVoidMethodCall,NonVoidMethodCall,NonVoidMethodCall,NonVoidMethodCall,RemoveConditional,RemoveConditional,RemoveConditional,RemoveConditional,RemoveConditional,RemoveConditional,RemoveConditional,RemoveConditional,ReturnVals,NakedReceiver,NakedReceiver,NakedReceiver,NakedReceiver,CRCR,CRCR,CRCR,CRCR,CRCR,CRCR,CRCR,CRCR,CRCR,CRCR,CRCR,CRCR,CRCR,CRCR,CRCR,CRCR,CRCR,CRCR,ROR,ROR,ROR,ROR,ROR,ROR,ROR,ROR,ROR,ROR,ROR,ROR,ROR,ROR
Closure-147f,MAJOR,ROR,COR,COR,STD
Closure-147f,PIT,InlineConstant,RemoveConditional,ABS,CRCR,CRCR,CRCR,CRCR,CRCR,CRCR,ROR,UOI,UOI,UOI,UOI
Closure-148f,MAJOR,LVR,ROR,LVR,STD,ROR,LVR,STD,AOR,AOR,AOR,LVR,ROR,STD,COR,ROR,ROR,COR,COR,ROR,ROR,COR,COR,COR,STD
Closure-148f,PIT,NonVoidMethodCall,RemoveConditional,RemoveSwitch,ROR,InlineConstant,NonVoidMethodCall,NonVoidMethodCall,NonVoidMethodCall,RemoveConditional,RemoveConditional,ABS,AOD,AOD,AOR,AOR,CRCR,CRCR,CRCR,CRCR,ROR,ROR,ROR,ROR,UOI,UOI,UOI,UOI,UOI,Increments,RemoveIncrements,ABS,CRCR,CRCR,UOI
Closure-152f,MAJOR
Closure-152f,PIT
Closure-164f,MAJOR,COR,COR,COR,COR,COR,LVR,COR,COR,ROR,COR,LVR
Closure-164f,PIT,BooleanTrueReturnVals,BooleanTrueReturnVals,InlineConstant,InlineConstant,InlineConstant,InlineConstant,InlineConstant,NonVoidMethodCall,RemoveConditional,RemoveConditional,RemoveConditional,RemoveConditional,RemoveConditional,RemoveConditional,RemoveConditional,RemoveConditional,RemoveConditional,RemoveConditional,ReturnVals,ReturnVals,CRCR,CRCR,CRCR,CRCR,CRCR,CRCR,CRCR,CRCR,CRCR,CRCR,CRCR,CRCR,CRCR,CRCR,CRCR,CRCR,CRCR,CRCR,ROR,ROR,ROR,ROR,ROR,ROR,ROR,ROR,ROR,UOI,UOI
Closure-167f,MAJOR
Closure-167f,PIT
Closure-173f,MAJOR,COR,ROR
Closure-173f,PIT
Closure-175f,MAJOR
Closure-175f,PIT
Closure-19f,MAJOR
Closure-19f,PIT,RemoveSwitch
Closure-22f,MAJOR,COR
Closure-22f,PIT,NonVoidMethodCall,RemoveConditional,ROR
Closure-27f,MAJOR
Closure-27f,PIT,ConstructorCall,NonVoidMethodCall,NonVoidMethodCall,NonVoidMethodCall,NullReturnVals,ReturnVals
Closure-28f,MAJOR
Closure-28f,PIT
Closure-30f,MAJOR,LVR,STD,COR,LVR
Closure-30f,PIT,RemoveSwitch,BooleanFalseReturnVals,InlineConstant,NonVoidMethodCall,RemoveConditional,ReturnVals,CRCR,CRCR,CRCR,ROR
Closure-33f,MAJOR,COR
Closure-33f,PIT,NonVoidMethodCall,RemoveConditional,ROR
Closure-39f,MAJOR,COR
Closure-39f,PIT,RemoveConditional,ROR
Closure-42f,MAJOR,COR,STD
Closure-42f,PIT
Closure-49f,MAJOR,ROR,ROR,COR,STD
Closure-49f,PIT,InlineConstant,NonVoidMethodCall,RemoveConditional,RemoveConditional,CRCR,CRCR,CRCR,CRCR,CRCR,CRCR,ROR,ROR,ROR,ROR,NonVoidMethodCall,RemoveConditional,ROR,ROR,ROR,NonVoidMethodCall,NonVoidMethodCall,VoidMethodCall,NakedReceiver,NakedReceiver,NakedReceiver
Closure-50f,MAJOR,COR,COR,ROR,ROR,COR,COR
Closure-50f,PIT,ArgumentPropagation,InlineConstant,InlineConstant,InlineConstant,InlineConstant,InlineConstant,InlineConstant,NonVoidMethodCall,NonVoidMethodCall,NonVoidMethodCall,NonVoidMethodCall,NonVoidMethodCall,NonVoidMethodCall,NonVoidMethodCall,NonVoidMethodCall,NonVoidMethodCall,NonVoidMethodCall,NullReturnVals,NullReturnVals,RemoveConditional,RemoveConditional,RemoveConditional,RemoveConditional,RemoveConditional,RemoveConditional,RemoveConditional,RemoveConditional,RemoveConditional,RemoveConditional,RemoveConditional,ReturnVals,ReturnVals,VoidMethodCall,VoidMethodCall,VoidMethodCall,VoidMethodCall,NakedReceiver,NakedReceiver,ABS,ABS,AOD,AOD,AOR,AOR,AOR,AOR,AOR,AOR,AOR,AOR,CRCR,CRCR,CRCR,CRCR,CRCR,CRCR,CRCR,CRCR,CRCR,CRCR,CRCR,CRCR,CRCR,CRCR,CRCR,ROR,ROR,ROR,ROR,ROR,ROR,ROR,ROR,ROR,ROR,ROR,ROR,UOI,UOI,UOI,UOI,UOI,UOI,UOI,UOI,UOI
Closure-52f,MAJOR,ROR,COR,COR
Closure-52f,PIT,RemoveConditional,ROR,NonVoidMethodCall,RemoveConditional,CRCR,CRCR,CRCR,CRCR,CRCR,ROR
Closure-54f,MAJOR
Closure-54f,PIT
Closure-65f,MAJOR,STD
Closure-65f,PIT,NakedReceiver,RemoveSwitch
Closure-73f,MAJOR
Closure-73f,PIT
Closure-75f,MAJOR
Closure-75f,PIT
Closure-77f,MAJOR
Closure-77f,PIT
Closure-7f,MAJOR,COR,COR,COR,COR
Closure-7f,PIT
Closure-80f,MAJOR
Closure-80f,PIT
Closure-81f,MAJOR,ROR,STD
Closure-81f,PIT
Closure-82f,MAJOR
Closure-82f,PIT
Closure-85f,MAJOR,COR
Closure-85f,PIT,ArgumentPropagation,NonVoidMethodCall,RemoveConditional,ROR
Closure-94f,MAJOR
Closure-94f,PIT
Closure-99f,MAJOR,COR
Closure-99f,PIT,NonVoidMethodCall,RemoveConditional,ROR
Codec-11f,MAJOR,LVR,LVR,LVR,ROR,ROR,COR,COR,LVR,LVR,ROR,ROR,COR,COR,STD,STD,LVR,LVR,STD,LVR,LVR,AOR,AOR,ROR,COR,COR,LVR,LVR,AOR,AOR,ROR,STD,STD,STD,LVR,LVR,AOR,AOR,ROR,COR,COR,ROR,COR
Codec-11f,PIT,InlineConstant,RemoveConditional,ABS,CRCR,CRCR,CRCR,InlineConstant,PrimitiveReturns,PrimitiveReturns,ReturnVals,ReturnVals,CRCR,CRCR,CRCR,CRCR,PrimitiveReturns,ReturnVals,CRCR,CRCR,CRCR,CRCR,CRCR,InlineConstant,InlineConstant,InlineConstant,InlineConstant,InlineConstant,InlineConstant,InlineConstant,InlineConstant,NonVoidMethodCall,NonVoidMethodCall,NonVoidMethodCall,NonVoidMethodCall,RemoveConditional,RemoveConditional,RemoveConditional,RemoveConditional,RemoveConditional,RemoveConditional,RemoveConditional,RemoveConditional,RemoveConditional,VoidMethodCall,VoidMethodCall,VoidMethodCall,VoidMethodCall,VoidMethodCall,ABS,ABS,ABS,ABS,ABS,ABS,ABS,ABS,ABS,AOD,AOD,AOD,AOD,AOD,AOR,AOR,AOR,AOR,AOR,AOR,AOR,AOR,CRCR,CRCR,CRCR,CRCR,CRCR,CRCR,CRCR,CRCR,CRCR,CRCR,CRCR,CRCR,CRCR,CRCR,CRCR,CRCR,CRCR,CRCR,CRCR,CRCR,CRCR,CRCR,CRCR,CRCR,CRCR,CRCR,CRCR,CRCR,CRCR,CRCR,CRCR,CRCR,CRCR,CRCR,CRCR,CRCR,CRCR,CRCR,CRCR,ROR,ROR,ROR,ROR,ROR,ROR,ROR,ROR,ROR,ROR,ROR,UOI,UOI,UOI,UOI,UOI,UOI,UOI,UOI,UOI,InlineConstant,InlineConstant,RemoveConditional,RemoveConditional,ABS,ABS,CRCR,CRCR,CRCR,CRCR,CRCR,CRCR,CRCR,CRCR,CRCR,CRCR,CRCR,CRCR,UOI,UOI,UOI,UOI,UOI
Codec-12f,MAJOR,COR,LVR,ROR,ROR,ROR,ROR,STD,COR,LVR,LVR
Codec-12f,PIT,InlineConstant,PrimitiveReturns,RemoveConditional,ReturnVals,CRCR,CRCR,CRCR,CRCR,CRCR,ROR,ROR,ROR,UOI,UOI,UOI,ConstructorCall,PrimitiveReturns,RemoveConditional,RemoveConditional,RemoveConditional,RemoveConditional,ABS,ABS,ABS,ABS,AOD,AOD,AOR,AOR,AOR,AOR,CRCR,CRCR,CRCR,CRCR,CRCR,ROR,ROR,ROR,UOI,UOI,UOI,UOI,UOI,UOI,UOI,UOI,UOI,UOI,UOI,UOI,UOI,UOI,UOI,UOI,UOI
Codec-15f,MAJOR,ROR
Codec-15f,PIT
Codec-16f,MAJOR,ROR
Codec-16f,PIT
Codec-17f,MAJOR
Codec-17f,PIT
Codec-18f,MAJOR,COR,ROR,ROR,LVR,COR
Codec-18f,PIT,InlineConstant,RemoveConditional,CRCR,CRCR,CRCR,CRCR,ROR,ROR
Codec-3f,MAJOR,LVR,LVR,AOR,AOR,AOR,AOR,LVR,COR,LVR,AOR,COR,COR,STD,LVR,ROR,COR,LVR,LVR,ROR,ROR,COR,COR,LVR,LVR,AOR,AOR,AOR,AOR,ROR,LVR,LVR,AOR,AOR,AOR,AOR,COR,COR,LVR,LVR,LVR,COR,LVR,LVR,AOR,AOR,AOR,AOR,ROR,ROR,COR,COR,AOR,AOR,ROR,AOR,COR,COR,LVR,LVR,AOR,AOR,AOR,AOR,LVR,AOR,COR,COR,LVR,LVR,AOR,AOR,AOR,AOR,LVR,COR,COR,COR,LVR,COR
Codec-3f,PIT,BooleanFalseReturnVals,InlineConstant,InlineConstant,InlineConstant,InlineConstant,InlineConstant,NonVoidMethodCall,NonVoidMethodCall,NonVoidMethodCall,RemoveConditional,RemoveConditional,RemoveConditional,RemoveConditional,RemoveConditional,RemoveConditional,RemoveConditional,ReturnVals,ABS,AOD,AOD,AOD,AOD,AOR,AOR,AOR,AOR,AOR,AOR,AOR,AOR,AOR,AOR,AOR,AOR,CRCR,CRCR,CRCR,CRCR,CRCR,CRCR,CRCR,CRCR,CRCR,CRCR,CRCR,CRCR,CRCR,CRCR,CRCR,CRCR,CRCR,CRCR,CRCR,CRCR,CRCR,CRCR,CRCR,ROR,ROR,ROR,ROR,ROR,ROR,ROR,ROR,ROR,ROR,ROR,ROR,ROR,UOI,UOI,InlineConstant,CRCR,CRCR,CRCR,CRCR,CRCR,CRCR,CRCR,CRCR,InlineConstant,InlineConstant,InlineConstant,NonVoidMethodCall,RemoveConditional,ABS,AOD,AOD,AOR,AOR,AOR,AOR,CRCR,CRCR,CRCR,CRCR,CRCR,CRCR,CRCR,CRCR,CRCR,CRCR,CRCR,CRCR,CRCR,CRCR,CRCR,CRCR,ROR,RemoveConditional,AOR,CRCR,CRCR,ROR,InlineConstant,VoidMethodCall,CRCR,CRCR,CRCR,CRCR,CRCR,CRCR,InlineConstant,CRCR,CRCR,CRCR,CRCR,CRCR,CRCR,InlineConstant,InlineConstant,InlineConstant,NonVoidMethodCall,RemoveConditional,RemoveConditional,RemoveConditional,RemoveConditional,CRCR,CRCR,CRCR,CRCR,CRCR,CRCR,CRCR,CRCR,CRCR,CRCR,CRCR,CRCR,CRCR,CRCR,CRCR,CRCR,CRCR,CRCR,ROR,ROR,ROR,ROR,ROR,ROR,InlineConstant,InlineConstant,InlineConstant,InlineConstant,NonVoidMethodCall,NonVoidMethodCall,NonVoidMethodCall,NonVoidMethodCall,RemoveConditional,RemoveConditional,RemoveConditional,ABS,ABS,AOD,AOD,AOD,AOD,AOR,AOR,AOR,AOR,AOR,AOR,AOR,AOR,CRCR,CRCR,CRCR,CRCR,CRCR,CRCR,CRCR,CRCR,CRCR,CRCR,CRCR,CRCR,CRCR,CRCR,CRCR,CRCR,CRCR,ROR,ROR,ROR,UOI,InlineConstant,InlineConstant,NonVoidMethodCall,RemoveConditional,ABS,ABS,AOD,AOD,AOD,AOR,AOR,AOR,AOR,CRCR,CRCR,CRCR,CRCR,CRCR,CRCR,CRCR,CRCR,CRCR,CRCR,CRCR,ROR,ROR,UOI,UOI,UOI,UOI
Codec-4f,MAJOR,LVR,LVR,LVR
Codec-4f,PIT
Codec-6f,MAJOR
Codec-6f,PIT
Codec-7f,MAJOR,LVR
Codec-7f,PIT,UOI,InlineConstant,CRCR
Codec-9f,MAJOR,COR,ROR,AOR,AOR,AOR,AOR,AOR,AOR
Codec-9f,PIT
Compress-11f,MAJOR,LVR,LVR,ROR
Compress-11f,PIT,RemoveConditional,CRCR,CRCR,CRCR,CRCR,ROR
Compress-14f,MAJOR
Compress-14f,PIT
Compress-15f,MAJOR
Compress-15f,PIT
Compress-16f,MAJOR,COR
Compress-16f,PIT,RemoveConditional,ROR
Compress-17f,MAJOR,LVR,LVR,ROR,COR,AOR
Compress-17f,PIT,RemoveConditional,ABS,AOD,AOR,CRCR,ROR,UOI
Compress-18f,MAJOR
Compress-18f,PIT,NonVoidMethodCall,RemoveConditional,NakedReceiver,ROR
Compress-19f,MAJOR,ROR
Compress-19f,PIT,CRCR,ROR,UOI,UOI,UOI,UOI,UOI,Increments,Increments,RemoveIncrements,RemoveIncrements,UOI,UOI,Increments,RemoveConditional,RemoveIncrements,RemoveIncrements,ABS,ABS,ABS,ABS,ABS,ABS,ABS,ABS,ABS,CRCR,CRCR,CRCR,CRCR,CRCR,CRCR,ROR,ROR,ROR,ROR,ROR,ROR,ROR,ROR,ROR,ROR,UOI,UOI,UOI,UOI,UOI,UOI,UOI,UOI,UOI,UOI,UOI,UOI,UOI
Compress-1f,MAJOR,STD,STD,STD,STD,LVR,LVR,LVR,AOR,AOR,LVR,STD,LVR,STD,LVR,STD,LVR,STD,LVR,STD,LVR,STD,LVR,STD,LVR,LVR,LVR,STD,LVR,LVR,AOR,AOR,AOR,AOR,LVR,LVR,LVR,STD,LVR,STD,STD,LOR,LOR,ROR,STD,STD,STD,STD,ROR,LVR,LVR,ROR,STD
Compress-1f,PIT,VoidMethodCall,InlineConstant,InlineConstant,InlineConstant,NonVoidMethodCall,RemoveConditional,VoidMethodCall,CRCR,CRCR,CRCR,CRCR,CRCR,CRCR,CRCR,CRCR,CRCR,CRCR,CRCR,CRCR,CRCR,CRCR,CRCR,OBBN,OBBN,ROR,ROR,ROR,VoidMethodCall,InlineConstant,NonVoidMethodCall,NonVoidMethodCall,RemoveConditional,RemoveConditional,NakedReceiver,ABS,ABS,AOD,CRCR,CRCR,CRCR,CRCR,CRCR,CRCR,ROR,ROR,ROR,ROR,UOI,UOI,UOI,UOI,UOI,UOI,VoidMethodCall,VoidMethodCall,VoidMethodCall,VoidMethodCall,InlineConstant,InlineConstant,NonVoidMethodCall,AOD,AOR,AOR,CRCR,CRCR,CRCR,CRCR,CRCR,CRCR,CRCR,CRCR,CRCR,CRCR,CRCR,CRCR,InlineConstant,InlineConstant,InlineConstant,InlineConstant,InlineConstant,InlineConstant,InlineConstant,InlineConstant,InlineConstant,InlineConstant,InlineConstant,InlineConstant,InlineConstant,NonVoidMethodCall,NonVoidMethodCall,NonVoidMethodCall,VoidMethodCall,VoidMethodCall,VoidMethodCall,VoidMethodCall,VoidMethodCall,VoidMethodCall,VoidMethodCall,VoidMethodCall,VoidMethodCall,VoidMethodCall,VoidMethodCall,AOD,AOD,AOR,AOR,AOR,AOR,CRCR,CRCR,CRCR,CRCR,CRCR,CRCR,CRCR,CRCR,CRCR,CRCR,CRCR,CRCR,CRCR,CRCR,CRCR,CRCR,CRCR,CRCR,CRCR,CRCR,CRCR,CRCR,CRCR,CRCR,CRCR,CRCR,CRCR,CRCR,CRCR,CRCR,CRCR,CRCR,CRCR,CRCR,CRCR,CRCR,CRCR,CRCR,CRCR,CRCR,CRCR,CRCR,CRCR,CRCR,CRCR,CRCR,CRCR,CRCR,CRCR,CRCR,CRCR,CRCR,CRCR,CRCR,CRCR,CRCR,CRCR
Compress-24f,MAJOR
Compress-24f,PIT,RemoveIncrements,UOI,UOI,UOI
Compress-27f,MAJOR,ROR,COR
Compress-27f,PIT,RemoveIncrements,RemoveConditional,ABS,ROR,UOI,UOI
Compress-2f,MAJOR,AOR,ROR,STD,ROR,LVR,ROR,STD,AOR,AOR,AOR,AOR,ROR,ROR,COR,AOR,AOR,STD
Compress-2f,PIT,NonVoidMethodCall,NonVoidMethodCall,RemoveConditional,RemoveConditional,RemoveConditional,RemoveConditional,MemberVariable,MemberVariable,NakedReceiver,ABS,ABS,AOR,CRCR,CRCR,CRCR,ROR,ROR,ROR,ROR,ROR,UOI,UOI,UOI,UOI,UOI,UOI,UOI,UOI,UOI,UOI,UOI,UOI,NonVoidMethodCall,RemoveConditional,RemoveConditional,RemoveConditional,ABS,ABS,ABS,ABS,ABS,ABS,AOD,AOD,AOD,AOD,AOD,AOR,AOR,AOR,AOR,AOR,AOR,AOR,ROR,ROR,ROR,ROR,ROR,ROR,UOI,UOI,UOI,UOI,UOI,UOI,UOI,UOI,UOI,UOI,UOI,UOI
Compress-31f,MAJOR
Compress-31f,PIT
Compress-34f,MAJOR,LVR,LVR
Compress-34f,PIT
Compress-35f,MAJOR
Compress-35f,PIT,NonVoidMethodCall,CRCR
Compress-39f,MAJOR
Compress-39f,PIT
Compress-3f,MAJOR,COR,LVR,STD
Compress-3f,PIT,RemoveConditional,ROR,InlineConstant,MemberVariable,CRCR,CRCR,CRCR
Compress-41f,MAJOR,COR,COR,ROR
Compress-41f,PIT,ConstructorCall,ConstructorCall,InlineConstant,InlineConstant,RemoveConditional,RemoveConditional,RemoveConditional,CRCR,CRCR,CRCR,CRCR,CRCR,CRCR,CRCR,CRCR,ROR,ROR,ROR,ROR,ROR,ROR,ROR,ROR,ROR,ConstructorCall,RemoveConditional,ABS,ROR,UOI,UOI
Compress-42f,MAJOR
Compress-42f,PIT
Compress-44f,MAJOR,ROR,ROR
Compress-44f,PIT,RemoveConditional,RemoveConditional
Compress-45f,MAJOR,LVR,LVR,ROR
Compress-45f,PIT,ROR,RemoveConditional,CRCR,CRCR,CRCR,UOI,UOI
Compress-46f,MAJOR,ROR,COR
Compress-46f,PIT,RemoveConditional,ABS,ROR
Compress-47f,MAJOR,COR,ROR,ROR,ROR,COR,ROR,ROR,COR,COR,COR,COR,COR,COR
Compress-47f,PIT,RemoveConditional,ROR,BooleanTrueReturnVals,InlineConstant,NonVoidMethodCall,NonVoidMethodCall,RemoveConditional,RemoveConditional,RemoveConditional,RemoveConditional,CRCR,CRCR,CRCR,CRCR,CRCR,ROR,ROR,ROR,ROR,ROR,ROR,ROR
Compress-4f,MAJOR,COR,STD,STD,STD,LVR,STD,LVR,LVR,COR,STD,STD,STD,ROR,COR,STD,STD,STD,LVR,LVR,STD,STD,STD,COR,COR,STD,STD,STD,STD,STD,STD,COR,COR,STD,STD,STD,STD,STD,STD,STD,STD,STD,STD,STD,STD,STD,STD,STD,STD,LVR,COR
Compress-4f,PIT,AOR,UOI,UOI,NonVoidMethodCall,RemoveConditional,VoidMethodCall,MemberVariable,ABS,ROR,UOI,UOI,UOI,UOI,UOI,UOI,NonVoidMethodCall,VoidMethodCall,VoidMethodCall,VoidMethodCall,VoidMethodCall,VoidMethodCall,VoidMethodCall,VoidMethodCall,ABS,UOI,UOI,InlineConstant,NonVoidMethodCall,NonVoidMethodCall,RemoveConditional,RemoveConditional,VoidMethodCall,VoidMethodCall,VoidMethodCall,VoidMethodCall,VoidMethodCall,VoidMethodCall,VoidMethodCall,VoidMethodCall,VoidMethodCall,VoidMethodCall,VoidMethodCall,VoidMethodCall,VoidMethodCall,VoidMethodCall,VoidMethodCall,VoidMethodCall,VoidMethodCall,ABS,CRCR,CRCR,CRCR,CRCR,ROR,ROR,ROR,ROR,ROR,ROR,UOI,UOI,UOI,UOI,UOI,UOI,InlineConstant,MemberVariable,ABS,AOD,AOD,AOR,AOR,AOR,AOR,CRCR,CRCR,CRCR,CRCR,CRCR,CRCR,UOI,UOI,NonVoidMethodCall,RemoveConditional,VoidMethodCall,MemberVariable,MemberVariable,ABS,AOD,AOD,AOD,AOD,AOR,AOR,AOR,AOR,AOR,CRCR,CRCR,CRCR,CRCR,CRCR,CRCR,CRCR,CRCR,CRCR,CRCR,CRCR,CRCR,ROR,UOI,UOI,UOI,UOI,UOI,UOI,UOI,UOI,UOI,UOI,UOI,UOI,UOI,UOI,UOI,RemoveConditional,RemoveConditional,ROR,ROR,ROR,ROR,ROR,ROR,UOI,UOI,InlineConstant,MemberVariable,CRCR,CRCR,CRCR,VoidMethodCall,ConstructorCall,VoidMethodCall,VoidMethodCall
Compress-6f,MAJOR
Compress-6f,PIT
Compress-7f,MAJOR,ROR
Compress-7f,PIT,CRCR,OBBN,ROR
Compress-8f,MAJOR,LVR,LVR,ROR,ROR,ROR,ROR,ROR,COR
Compress-8f,PIT,UOI,UOI,RemoveConditional,RemoveConditional,RemoveConditional,ABS,CRCR,CRCR,CRCR,CRCR,CRCR,ROR,ROR,ROR,ROR,UOI,UOI,UOI,UOI,UOI,UOI,UOI,UOI,UOI
Compress-9f,MAJOR,STD,STD
Compress-9f,PIT,AOR,UOI,UOI,UOI,UOI,UOI,UOI
Csv-10f,MAJOR,STD
Csv-10f,PIT,VoidMethodCall
Csv-11f,MAJOR,ROR,COR,COR
Csv-11f,PIT
Csv-12f,MAJOR,LVR
Csv-12f,PIT
Csv-13f,MAJOR,ROR
Csv-13f,PIT
Csv-14f,MAJOR
Csv-14f,PIT
Csv-2f,MAJOR
Csv-2f,PIT,ConstructorCall,InlineConstant,CRCR,CRCR,CRCR,CRCR,CRCR,CRCR,CRCR,CRCR,CRCR,CRCR,CRCR,CRCR
Csv-3f,MAJOR,COR,COR,COR
Csv-3f,PIT,InlineConstant,PrimitiveReturns,RemoveConditional,RemoveConditional,RemoveConditional,RemoveConditional,ReturnVals,CRCR,CRCR,CRCR,CRCR,CRCR,ROR,ROR,ROR,ROR
Csv-4f,MAJOR,ROR
Csv-4f,PIT
Csv-5f,MAJOR,ROR,ROR
Csv-5f,PIT,ABS,ABS,AOD,UOI,UOI,CRCR,ROR
Csv-6f,MAJOR,ROR,ROR
Csv-6f,PIT,RemoveConditional,ROR,ROR
Csv-7f,MAJOR,COR
Csv-7f,PIT,ConstructorCall,ConstructorCall,NonVoidMethodCall
Csv-8f,MAJOR,COR
Csv-8f,PIT,ConstructorCall,ConstructorCall,InlineConstant,NonVoidMethodCall,NonVoidMethodCall,NonVoidMethodCall,NonVoidMethodCall,RemoveConditional,RemoveConditional,ABS,CRCR,CRCR,ROR,ROR,UOI,UOI,UOI,UOI
Csv-9f,MAJOR,ROR
Csv-9f,PIT,NullReturnVals,RemoveConditional,ReturnVals
Gson-12f,MAJOR,LVR,ROR,LVR,ROR,ROR
Gson-12f,PIT,RemoveConditional,RemoveConditional,ROR,ROR
Gson-2f,MAJOR,COR
Gson-2f,PIT
Gson-4f,MAJOR,ROR,ROR,COR,ROR,COR,ROR,ROR,ROR,ROR,COR
Gson-4f,PIT,CRCR,MemberVariable,ROR,UOI,InlineConstant,RemoveConditional,RemoveConditional,RemoveSwitch,ABS,ABS,CRCR,CRCR,CRCR,CRCR,CRCR,CRCR,CRCR,CRCR,CRCR,CRCR,ROR,ROR,ROR,UOI,UOI,UOI,UOI,InlineConstant,InlineConstant,RemoveConditional,CRCR,CRCR,CRCR,CRCR,CRCR,CRCR,ROR,NonVoidMethodCall,NullReturnVals,ReturnVals,NakedReceiver,NullReturnVals,ReturnVals,NullReturnVals,ReturnVals
Gson-7f,MAJOR,ROR,COR,ROR,STD,STD,ROR,COR,ROR,STD
Gson-7f,PIT,InlineConstant,NonVoidMethodCall,RemoveConditional,RemoveConditional,MemberVariable,ABS,ABS,CRCR,CRCR,CRCR,CRCR,CRCR,CRCR,CRCR,CRCR,CRCR,ROR,UOI,UOI,UOI,InlineConstant,InlineConstant,NonVoidMethodCall,RemoveConditional,RemoveConditional,MemberVariable,ABS,ABS,CRCR,CRCR,CRCR,CRCR,CRCR,CRCR,CRCR,CRCR,CRCR,CRCR,ROR,UOI,UOI,UOI,UOI,RemoveConditional,VoidMethodCall,ROR
Gson-9f,MAJOR
Gson-9f,PIT
JacksonCore-12f,MAJOR,STD,STD,STD,ROR,AOR,AOR,AOR,AOR,LVR,LVR,AOR,AOR,AOR,AOR,STD
JacksonCore-12f,PIT,InlineConstant,MemberVariable,ABS,AOD,AOD,AOD,AOR,AOR,AOR,AOR,AOR,AOR,AOR,AOR,CRCR,CRCR,CRCR,CRCR,CRCR,UOI,UOI,UOI,ConstructorCall,NullReturnVals,ReturnVals,ABS,UOI,UOI,VoidMethodCall,VoidMethodCall,RemoveSwitch
JacksonCore-14f,MAJOR,STD,STD,STD
JacksonCore-14f,PIT,ROR,ROR,CRCR,NullReturnVals,ReturnVals,MemberVariable,MemberVariable,MemberVariable
JacksonCore-15f,MAJOR,COR,ROR,COR,COR,COR,COR,ROR,COR
JacksonCore-15f,PIT,NonVoidMethodCall,NonVoidMethodCall,NonVoidMethodCall,RemoveConditional,RemoveConditional,RemoveConditional,RemoveConditional,RemoveConditional,RemoveConditional,RemoveConditional,MemberVariable,MemberVariable,ROR,ROR,ROR,ROR,ROR,ROR,ROR,ROR
JacksonCore-16f,MAJOR,STD,LVR,STD
JacksonCore-16f,PIT,NonVoidMethodCall,MemberVariable,InlineConstant,NonVoidMethodCall,NullReturnVals,MemberVariable,CRCR,CRCR,CRCR,CRCR
JacksonCore-17f,MAJOR,ROR,SOR,LVR,SOR,AOR,LVR,ROR,AOR,AOR,AOR,AOR,LVR,LVR,ROR,LVR,LVR,AOR,AOR,AOR,AOR,ROR,ROR,ROR,ROR,COR,COR,COR,STD,LVR,LVR,STD
JacksonCore-17f,PIT,UOI,RemoveConditional,UOI,UOI,UOI,UOI,UOI,UOI,UOI,UOI,Increments,InlineConstant,InlineConstant,RemoveConditional,RemoveConditional,RemoveConditional,RemoveConditional,RemoveIncrements,ABS,ABS,ABS,ABS,ABS,ABS,ABS,AOD,AOD,AOD,AOD,AOD,AOR,AOR,AOR,AOR,AOR,AOR,AOR,AOR,AOR,CRCR,CRCR,CRCR,CRCR,CRCR,CRCR,CRCR,CRCR,CRCR,CRCR,CRCR,CRCR,CRCR,ROR,ROR,ROR,ROR,ROR,ROR,ROR,ROR,UOI,UOI,UOI,UOI,UOI,UOI,UOI,UOI,UOI,UOI,UOI,UOI,UOI,UOI,UOI,UOI
JacksonCore-18f,MAJOR,ORU,ROR,ROR,ROR,ROR,COR,COR,STD,ROR,LVR,LVR,LVR,LVR,AOR,AOR,STD,AOR,ROR,AOR,AOR,AOR,AOR,LVR,LVR,LVR,STD
JacksonCore-18f,PIT,ROR,NonVoidMethodCall,InlineConstant,ABS,CRCR,CRCR,CRCR,CRCR,UOI,ABS,AOD,AOD,AOR,InlineConstant,RemoveConditional,ABS,ABS,ABS,ABS,ABS,ABS,ABS,ABS,AOD,AOD,AOD,AOR,AOR,AOR,AOR,AOR,AOR,AOR,AOR,AOR,CRCR,CRCR,CRCR,CRCR,CRCR,CRCR,ROR,UOI,UOI,UOI,UOI,UOI,UOI,UOI,UOI,UOI,UOI,UOI,UOI,UOI,InlineConstant,InlineConstant,InlineConstant,NonVoidMethodCall,NonVoidMethodCall,RemoveConditional,RemoveConditional,VoidMethodCall,ABS,ABS,CRCR,CRCR,CRCR,CRCR,CRCR,CRCR,CRCR,CRCR,CRCR,CRCR,CRCR,CRCR,CRCR,CRCR,CRCR,CRCR,CRCR,CRCR,CRCR,ROR,ROR,ROR,ROR,UOI,UOI,UOI,UOI,UOI,UOI,ABS
JacksonCore-1f,MAJOR,LVR,ROR,ROR,ROR,COR,COR,ROR,COR
JacksonCore-1f,PIT,NonVoidMethodCall,NonVoidMethodCall,NonVoidMethodCall,RemoveConditional,RemoveConditional,RemoveConditional,RemoveConditional,ABS,ROR,ROR,ROR,ROR,ROR,ROR,ROR,UOI,UOI,UOI,UOI,UOI,UOI,UOI,UOI
JacksonCore-20f,MAJOR,STD
JacksonCore-20f,PIT,VoidMethodCall
JacksonCore-22f,MAJOR,COR,STD,ROR,COR,COR,COR,COR,ROR,STD,COR,COR,COR,ROR,COR,COR,ROR,COR,COR,COR,STD,LVR
JacksonCore-22f,PIT,NonVoidMethodCall,RemoveConditional,RemoveConditional,RemoveConditional,ROR,RemoveConditional,ROR,BooleanTrueReturnVals,InlineConstant,InlineConstant,ReturnVals,MemberVariable,ABS,AOD,AOD,AOR,AOR,AOR,AOR,CRCR,CRCR,CRCR,CRCR,CRCR,CRCR,CRCR,CRCR,CRCR,UOI,UOI,NullReturnVals,ArgumentPropagation,NonVoidMethodCall,NonVoidMethodCall,NonVoidMethodCall,NullReturnVals,NullReturnVals,RemoveConditional,RemoveConditional,RemoveConditional,RemoveConditional,RemoveConditional,RemoveConditional,RemoveConditional,RemoveConditional,RemoveConditional,RemoveConditional,RemoveConditional,ReturnVals,ReturnVals,MemberVariable,MemberVariable,NakedReceiver,ROR,ROR,ROR,ROR,ROR,ROR,ROR,ROR,ROR,ROR,ROR,ROR,ROR,ROR,ROR
JacksonCore-26f,MAJOR,STD,AOR,AOR,AOR,STD,AOR,STD,STD
JacksonCore-26f,PIT,VoidMethodCall,MemberVariable,MemberVariable,MemberVariable,ABS,ABS,ABS,AOD,AOD,AOR,AOR,AOR,AOR,AOR,AOR,UOI,UOI,UOI,UOI,UOI,UOI,UOI,UOI,UOI,UOI
JacksonCore-3f,MAJOR,STD,ORU,STD,AOR,AOR
JacksonCore-3f,PIT,ABS,ABS,AOD,ABS,AOR
JacksonCore-4f,MAJOR,ROR,LVR,LVR,SOR,AOR,AOR,AOR,STD
JacksonCore-4f,PIT,InlineConstant,RemoveConditional,ABS,ABS,AOD,AOD,AOR,AOR,AOR,CRCR,CRCR,CRCR,CRCR,CRCR,CRCR,ROR,UOI,UOI,UOI,UOI,UOI,UOI
JacksonCore-5f,MAJOR
JacksonCore-5f,PIT
JacksonCore-7f,MAJOR,COR
JacksonCore-7f,PIT,InlineConstant,PrimitiveReturns,RemoveConditional,ReturnVals,CRCR,CRCR,CRCR,CRCR,CRCR,CRCR,ROR
JacksonCore-8f,MAJOR,ROR,COR
JacksonCore-8f,PIT,RemoveConditional
JacksonDatabind-100f,MAJOR
JacksonDatabind-100f,PIT
JacksonDatabind-102f,MAJOR
JacksonDatabind-102f,PIT
JacksonDatabind-105f,MAJOR,ROR
JacksonDatabind-105f,PIT,NullReturnVals,RemoveConditional,ReturnVals
JacksonDatabind-106f,MAJOR,COR,STD,COR,STD
JacksonDatabind-106f,PIT,VoidMethodCall,RemoveConditional,VoidMethodCall,ROR,ROR,RemoveConditional
JacksonDatabind-108f,MAJOR
JacksonDatabind-108f,PIT
JacksonDatabind-111f,MAJOR
JacksonDatabind-111f,PIT,NonVoidMethodCall
JacksonDatabind-11f,MAJOR
JacksonDatabind-11f,PIT,ROR
JacksonDatabind-12f,MAJOR,COR,COR,COR,COR
JacksonDatabind-12f,PIT,MemberVariable,RemoveConditional,RemoveConditional
JacksonDatabind-13f,MAJOR,ROR
JacksonDatabind-13f,PIT,ReturnVals,RemoveConditional
JacksonDatabind-16f,MAJOR
JacksonDatabind-16f,PIT,InlineConstant,NonVoidMethodCall,RemoveConditional,RemoveConditional,CRCR,CRCR,CRCR,CRCR,ROR,ROR,ROR,ROR,BooleanFalseReturnVals,BooleanTrueReturnVals,ReturnVals
JacksonDatabind-25f,MAJOR
JacksonDatabind-25f,PIT
JacksonDatabind-38f,MAJOR,LVR,ROR,COR,LVR,ROR,COR
JacksonDatabind-38f,PIT,InlineConstant,NonVoidMethodCall,NonVoidMethodCall,RemoveConditional,RemoveConditional,CRCR,CRCR,CRCR,CRCR,CRCR,ROR,ROR,NonVoidMethodCall,NonVoidMethodCall,NonVoidMethodCall,RemoveConditional,RemoveConditional,RemoveConditional,CRCR,CRCR,CRCR,ROR,ROR,ROR
JacksonDatabind-3f,MAJOR,ROR,LVR,LVR,ROR,ROR,ROR,STD,LVR,LVR,STD,STD
JacksonDatabind-3f,PIT,NullReturnVals,ReturnVals,ArgumentPropagation,ArgumentPropagation,Increments,InlineConstant,InlineConstant,NonVoidMethodCall,NonVoidMethodCall,NonVoidMethodCall,NonVoidMethodCall,NonVoidMethodCall,NullReturnVals,RemoveConditional,RemoveConditional,RemoveConditional,RemoveConditional,RemoveConditional,RemoveConditional,ReturnVals,RemoveIncrements,ABS,ABS,ABS,CRCR,CRCR,CRCR,CRCR,CRCR,CRCR,CRCR,CRCR,ROR,ROR,ROR,ROR,ROR,ROR,ROR,UOI,UOI,UOI,UOI,UOI,UOI,UOI,UOI,UOI,UOI
JacksonDatabind-44f,MAJOR
JacksonDatabind-44f,PIT,NonVoidMethodCall
JacksonDatabind-46f,MAJOR,LVR,STD,STD,STD,STD
JacksonDatabind-46f,PIT,ArgumentPropagation,ArgumentPropagation,InlineConstant,InlineConstant,NonVoidMethodCall,NonVoidMethodCall,NonVoidMethodCall,NonVoidMethodCall,NakedReceiver,NakedReceiver,CRCR,CRCR,CRCR,CRCR,CRCR,CRCR,CRCR,CRCR,CRCR,CRCR
JacksonDatabind-70f,MAJOR,STD
JacksonDatabind-70f,PIT
JacksonDatabind-72f,MAJOR
JacksonDatabind-72f,PIT
JacksonDatabind-84f,MAJOR
JacksonDatabind-84f,PIT,InlineConstant,InlineConstant,CRCR,CRCR,CRCR,CRCR,CRCR,CRCR,CRCR,CRCR,NonVoidMethodCall,NullReturnVals,RemoveConditional
JacksonDatabind-86f,MAJOR
JacksonDatabind-86f,PIT,InlineConstant,CRCR,CRCR,CRCR,CRCR,NonVoidMethodCall,NullReturnVals,RemoveConditional
JacksonDatabind-88f,MAJOR,COR
JacksonDatabind-88f,PIT,ConstructorCall,NonVoidMethodCall,RemoveConditional,CRCR,CRCR,CRCR,CRCR,CRCR,CRCR,CRCR,CRCR,CRCR,CRCR,ROR
JacksonDatabind-8f,MAJOR,LVR,COR,COR
JacksonDatabind-8f,PIT,InlineConstant,CRCR,CRCR,CRCR,CRCR,UOI,InlineConstant,RemoveConditional,RemoveConditional,CRCR,CRCR,CRCR,CRCR,ROR,ROR,UOI
JacksonDatabind-90f,MAJOR,COR
JacksonDatabind-90f,PIT
JacksonDatabind-95f,MAJOR
JacksonDatabind-95f,PIT
JacksonDatabind-97f,MAJOR,STD
JacksonDatabind-97f,PIT
JacksonDatabind-99f,MAJOR,STD,STD,STD,STD,LVR
JacksonDatabind-99f,PIT,ConstructorCall,EmptyObjectReturnVals,InlineConstant,InlineConstant,NonVoidMethodCall,NonVoidMethodCall,NonVoidMethodCall,NonVoidMethodCall,NonVoidMethodCall,NonVoidMethodCall,NonVoidMethodCall,ReturnVals,NakedReceiver,NakedReceiver,NakedReceiver,NakedReceiver,CRCR,CRCR,CRCR,CRCR,CRCR,CRCR,CRCR,CRCR,CRCR,CRCR,CRCR,CRCR,ConstructorCall,EmptyObjectReturnVals,InlineConstant,InlineConstant,InlineConstant,NonVoidMethodCall,NonVoidMethodCall,NonVoidMethodCall,NonVoidMethodCall,NonVoidMethodCall,NonVoidMethodCall,NonVoidMethodCall,NonVoidMethodCall,ReturnVals,NakedReceiver,NakedReceiver,NakedReceiver,NakedReceiver,NakedReceiver,NakedReceiver,CRCR,CRCR,CRCR,CRCR,CRCR,CRCR,CRCR,CRCR,CRCR,CRCR,CRCR,CRCR,CRCR,CRCR,CRCR,CRCR,CRCR,CRCR,CRCR,CRCR
Jsoup-12f,MAJOR,COR,STD,ROR,ROR,STD
Jsoup-12f,PIT,NonVoidMethodCall,NonVoidMethodCall,RemoveConditional,NakedReceiver,ROR,ROR,UOI,UOI
Jsoup-16f,MAJOR,STD,COR,STD,COR,STD
Jsoup-16f,PIT,VoidMethodCall,ArgumentPropagation,ArgumentPropagation,NonVoidMethodCall,NonVoidMethodCall,NonVoidMethodCall,NonVoidMethodCall,NonVoidMethodCall,NonVoidMethodCall,NonVoidMethodCall,NonVoidMethodCall,RemoveConditional,RemoveConditional,NakedReceiver,NakedReceiver,NakedReceiver,NakedReceiver,NakedReceiver,NakedReceiver,ROR,ROR
Jsoup-18f,MAJOR,STD
Jsoup-18f,PIT,NakedReceiver,ReturnVals,NonVoidMethodCall,ReturnVals,NakedReceiver,UOI,PrimitiveReturns,ABS
Jsoup-1f,MAJOR,STD
Jsoup-1f,PIT,VoidMethodCall
Jsoup-21f,MAJOR
Jsoup-21f,PIT
Jsoup-22f,MAJOR
Jsoup-22f,PIT,ROR
Jsoup-26f,MAJOR,ROR
Jsoup-26f,PIT,RemoveConditional
Jsoup-29f,MAJOR
Jsoup-29f,PIT,ArgumentPropagation
Jsoup-2f,MAJOR,STD
Jsoup-2f,PIT,NonVoidMethodCall
Jsoup-30f,MAJOR,STD,STD,STD,STD
Jsoup-30f,PIT,RemoveIncrements
Jsoup-36f,MAJOR,STD,LVR
Jsoup-36f,PIT,EmptyObjectReturnVals,EmptyObjectReturnVals,InlineConstant,ReturnVals,ReturnVals,NakedReceiver,CRCR,CRCR,NonVoidMethodCall,NonVoidMethodCall,NullReturnVals,ReturnVals,NakedReceiver
Jsoup-40f,MAJOR,COR
Jsoup-40f,PIT,ArgumentPropagation,NonVoidMethodCall,RemoveConditional,ROR
Jsoup-41f,MAJOR,ROR,COR,COR,LVR,AOR,AOR,AOR
Jsoup-41f,PIT,BooleanFalseReturnVals,NonVoidMethodCall,NonVoidMethodCall,NonVoidMethodCall,NonVoidMethodCall,RemoveConditional,RemoveConditional,RemoveConditional,ROR,ROR,NonVoidMethodCall,PrimitiveReturns,ReturnVals,AOD,AOD,AOR,AOR,AOR,CRCR
Jsoup-46f,MAJOR,ROR
Jsoup-46f,PIT,RemoveConditional
Jsoup-47f,MAJOR,ROR,COR
Jsoup-47f,PIT,RemoveConditional
Jsoup-50f,MAJOR
Jsoup-50f,PIT,InlineConstant,InlineConstant,InlineConstant,InlineConstant,InlineConstant,InlineConstant,InlineConstant,InlineConstant,InlineConstant,InlineConstant,InlineConstant,InlineConstant,InlineConstant,InlineConstant,InlineConstant,InlineConstant,InlineConstant,InlineConstant,RemoveConditional,RemoveConditional,RemoveConditional,RemoveConditional,RemoveConditional,RemoveConditional,RemoveConditional,RemoveConditional,RemoveConditional,RemoveConditional,RemoveConditional,RemoveConditional,RemoveConditional,RemoveConditional,ABS,ABS,ABS,ABS,ABS,ABS,ABS,ABS,CRCR,CRCR,CRCR,CRCR,CRCR,CRCR,CRCR,CRCR,CRCR,CRCR,CRCR,CRCR,CRCR,CRCR,CRCR,CRCR,CRCR,CRCR,CRCR,CRCR,CRCR,CRCR,CRCR,CRCR,CRCR,CRCR,CRCR,CRCR,CRCR,CRCR,CRCR,CRCR,CRCR,CRCR,CRCR,CRCR,CRCR,CRCR,CRCR,CRCR,CRCR,CRCR,CRCR,CRCR,CRCR,CRCR,CRCR,CRCR,CRCR,CRCR,CRCR,CRCR,CRCR,CRCR,CRCR,CRCR,CRCR,CRCR,CRCR,CRCR,CRCR,CRCR,CRCR,CRCR,CRCR,CRCR,CRCR,CRCR,CRCR,CRCR,CRCR,CRCR,CRCR,CRCR,CRCR,CRCR,CRCR,CRCR,CRCR,CRCR,CRCR,CRCR,CRCR,CRCR,CRCR,CRCR,CRCR,CRCR,ROR,ROR,ROR,ROR,ROR,ROR,ROR,ROR,ROR,ROR,ROR,ROR,ROR,ROR,ROR,ROR,ROR,ROR,ROR,ROR,ROR,ROR,ROR,ROR,ROR,ROR,ROR,ROR,ROR,ROR,ROR,ROR,ROR,ROR,ROR,UOI,UOI,UOI,UOI,UOI,UOI,UOI,UOI,UOI,UOI,UOI,UOI,UOI,UOI,UOI,UOI,UOI,UOI
Jsoup-52f,MAJOR,ROR,COR,LVR,LVR,COR,STD,COR,COR,STD,STD,COR,COR,STD,COR,ROR,COR,COR,COR,LVR,AOR,AOR,STD,STD
Jsoup-52f,PIT,ArgumentPropagation,InlineConstant,NonVoidMethodCall,NonVoidMethodCall,NonVoidMethodCall,NonVoidMethodCall,NonVoidMethodCall,RemoveConditional,RemoveConditional,RemoveConditional,CRCR,CRCR,CRCR,CRCR,ROR,ROR,ROR,ROR,ROR,RemoveConditional,ROR,MemberVariable,UOI,UOI,EmptyObjectReturnVals,NakedReceiver,NonVoidMethodCall,NonVoidMethodCall,NonVoidMethodCall,NonVoidMethodCall,NonVoidMethodCall,RemoveConditional,RemoveConditional,RemoveConditional,RemoveConditional,VoidMethodCall,NakedReceiver,NakedReceiver,NakedReceiver,NakedReceiver,NakedReceiver,ROR,ROR,ROR,ROR,ROR,ROR,ROR,ROR,EmptyObjectReturnVals,NonVoidMethodCall,ReturnVals
Jsoup-54f,MAJOR,COR
Jsoup-54f,PIT
Jsoup-57f,MAJOR,COR,STD
Jsoup-57f,PIT
Jsoup-59f,MAJOR,LVR,ROR
Jsoup-59f,PIT
Jsoup-5f,MAJOR,ROR
Jsoup-5f,PIT,NonVoidMethodCall,RemoveConditional,ROR,ROR,ROR
Jsoup-60f,MAJOR,COR,ROR,ROR,COR,COR,STD,COR,LVR,ROR,STD,STD,STD,STD
Jsoup-60f,PIT,NonVoidMethodCall,RemoveConditional,RemoveConditional,VoidMethodCall,ABS,ROR,UOI,UOI,UOI,VoidMethodCall,VoidMethodCall,VoidMethodCall
Jsoup-63f,MAJOR,COR,COR,STD
Jsoup-63f,PIT,RemoveConditional,VoidMethodCall,ROR,ConstructorCall,NonVoidMethodCall
Jsoup-77f,MAJOR
Jsoup-77f,PIT
Jsoup-79f,MAJOR
Jsoup-79f,PIT,ReturnVals
Jsoup-7f,MAJOR,STD,ROR,ROR,COR,STD
Jsoup-7f,PIT,NonVoidMethodCall,NonVoidMethodCall,NonVoidMethodCall,RemoveConditional,RemoveConditional,RemoveConditional,NakedReceiver,CRCR,CRCR,ROR,ROR,ROR,ROR,ROR,ROR,ROR,UOI,UOI
Jsoup-80f,MAJOR,LVR,ROR
Jsoup-80f,PIT
Jsoup-83f,MAJOR,ROR,COR
Jsoup-83f,PIT,CRCR
Jsoup-86f,MAJOR
Jsoup-86f,PIT
Jsoup-88f,MAJOR,ROR,AOR,AOR
Jsoup-88f,PIT,RemoveConditional,AOR,AOR,ROR
Jsoup-89f,MAJOR,ROR
Jsoup-89f,PIT,NakedReceiver,ArgumentPropagation,RemoveConditional
Jsoup-8f,MAJOR,ROR,ROR
Jsoup-8f,PIT,ConstructorCall,NonVoidMethodCall,RemoveConditional,RemoveConditional,ReturnVals
Jsoup-93f,MAJOR,COR
Jsoup-93f,PIT,NonVoidMethodCall,RemoveConditional,ROR
JxPath-10f,MAJOR
JxPath-10f,PIT
JxPath-12f,MAJOR,ROR,COR,COR
JxPath-12f,PIT,NonVoidMethodCall,NonVoidMethodCall,RemoveConditional,RemoveConditional,ROR
JxPath-13f,MAJOR,COR,COR
JxPath-13f,PIT,NonVoidMethodCall
JxPath-14f,MAJOR,STD,ROR,AOR,STD,LVR,AOR,ROR,AOR,ROR,AOR,COR,COR,COR,COR,COR
JxPath-14f,PIT,NullReturnVals,NullReturnVals,NullReturnVals,NullReturnVals,NullReturnVals,NullReturnVals,NullReturnVals,NullReturnVals,ReturnVals,ReturnVals,ReturnVals,ReturnVals,ReturnVals,ReturnVals,ReturnVals,ReturnVals,ReturnVals,ArgumentPropagation,NonVoidMethodCall,NonVoidMethodCall,RemoveConditional,RemoveConditional,RemoveConditional,RemoveConditional,VoidMethodCall,ABS,ABS,ROR,ROR,ROR,ROR,ROR,ROR,ROR,ROR,ROR,ROR,UOI,UOI,UOI,ArgumentPropagation,NonVoidMethodCall,NonVoidMethodCall,RemoveConditional,RemoveConditional,ABS,ABS,ROR,ROR,ROR,ROR,ROR,ROR,ROR,ROR,ROR,UOI,UOI,UOI,VoidMethodCall,CRCR,ROR,ROR,ROR,ROR,UOI,UOI,UOI,VoidMethodCall,ROR,NullReturnVals,ReturnVals,VoidMethodCall,ConstructorCall,NonVoidMethodCall,NonVoidMethodCall,NullReturnVals,RemoveConditional,RemoveConditional,RemoveConditional,RemoveConditional,ReturnVals,ABS,ABS,ABS,ROR,ROR,ROR,ROR,ROR,ROR,ROR,ROR,ROR,ROR,UOI,UOI,UOI,UOI,UOI,UOI,ROR,NonVoidMethodCall,NonVoidMethodCall,VoidMethodCall,InlineConstant,InlineConstant,InlineConstant,InlineConstant,InlineConstant,InlineConstant,InlineConstant,NonVoidMethodCall,RemoveConditional,RemoveConditional,RemoveConditional,RemoveConditional,RemoveConditional,RemoveConditional,NakedReceiver,NakedReceiver,ABS,ABS,ABS,ABS,AOD,AOD,AOD,AOR,AOR,AOR,AOR,AOR,AOR,AOR,CRCR,CRCR,CRCR,CRCR,CRCR,CRCR,CRCR,CRCR,CRCR,CRCR,CRCR,CRCR,CRCR,CRCR,CRCR,CRCR,CRCR,CRCR,CRCR,ROR,ROR,ROR,ROR,ROR,ROR,ROR,ROR,ROR,ROR,ROR,ROR,ROR,ROR,ROR,UOI,UOI,UOI,UOI,UOI,UOI,UOI,UOI,UOI,UOI,UOI,UOI,UOI,UOI,UOI,UOI,UOI,UOI,UOI,ROR,UOI,VoidMethodCall,ROR,UOI,UOI,ROR,UOI,UOI,UOI,UOI
JxPath-16f,MAJOR,LVR,LVR
JxPath-16f,PIT,InlineConstant,PrimitiveReturns,ReturnVals,CRCR,CRCR,InlineConstant,PrimitiveReturns,ReturnVals,CRCR,CRCR,CRCR
JxPath-18f,MAJOR,STD,ROR,STD
JxPath-18f,PIT,NonVoidMethodCall,RemoveConditional,RemoveConditional,CRCR,CRCR,CRCR,ROR,MemberVariable
JxPath-20f,MAJOR,COR,LVR
JxPath-20f,PIT,BooleanFalseReturnVals,NonVoidMethodCall,BooleanFalseReturnVals,InlineConstant,NonVoidMethodCall,NonVoidMethodCall,RemoveConditional,RemoveConditional,ReturnVals,CRCR,CRCR,CRCR,ROR,ROR
JxPath-21f,MAJOR,LVR,LVR
JxPath-21f,PIT,InlineConstant,RemoveConditional,CRCR,CRCR,CRCR,CRCR,CRCR
JxPath-22f,MAJOR
JxPath-22f,PIT,NonVoidMethodCall,RemoveConditional,ROR
JxPath-4f,MAJOR,COR,LVR,COR,COR
JxPath-4f,PIT,NonVoidMethodCall,ArgumentPropagation,InlineConstant,NonVoidMethodCall,NonVoidMethodCall,RemoveConditional,RemoveConditional,ReturnVals,CRCR,CRCR,CRCR,CRCR,ROR,ROR,UOI,UOI,NonVoidMethodCall,InlineConstant,InlineConstant,NonVoidMethodCall,RemoveConditional,RemoveConditional,CRCR,CRCR,CRCR,CRCR,CRCR,CRCR,CRCR,CRCR,ROR,ROR,UOI
JxPath-5f,MAJOR
JxPath-5f,PIT,InlineConstant,RemoveConditional,ABS,CRCR,CRCR,CRCR,CRCR,ROR
JxPath-6f,MAJOR
JxPath-6f,PIT
JxPath-7f,MAJOR,STD,STD,STD,COR,COR,LVR,LVR
JxPath-7f,PIT,BooleanFalseReturnVals,BooleanTrueReturnVals,BooleanTrueReturnVals,NonVoidMethodCall,NonVoidMethodCall,RemoveConditional,ReturnVals,ReturnVals,VoidMethodCall,VoidMethodCall,BooleanFalseReturnVals,InlineConstant,NonVoidMethodCall,NonVoidMethodCall,NonVoidMethodCall,RemoveConditional,RemoveConditional,RemoveConditional,ReturnVals,CRCR,CRCR,CRCR,ROR,ROR,ROR,ROR,ROR,BooleanTrueReturnVals,InlineConstant,NonVoidMethodCall,NonVoidMethodCall,RemoveConditional,RemoveConditional,ReturnVals,CRCR,CRCR,CRCR,CRCR,ROR,ROR,ROR
JxPath-8f,MAJOR,COR,STD,COR
JxPath-8f,PIT,NonVoidMethodCall,NonVoidMethodCall,RemoveConditional,RemoveConditional,ROR,ROR
JxPath-9f,MAJOR,COR,COR
JxPath-9f,PIT,NonVoidMethodCall,RemoveConditional,ROR,ROR
Lang-16f,MAJOR,COR,COR,COR,LVR,ROR,COR,COR,LVR,ROR,COR,COR,COR,LVR,LVR,ROR,ROR,COR,COR,COR,ROR,ROR,COR,COR,LVR
Lang-16f,PIT,InlineConstant,InlineConstant,InlineConstant,NonVoidMethodCall,NonVoidMethodCall,NonVoidMethodCall,NonVoidMethodCall,NonVoidMethodCall,NullReturnVals,NullReturnVals,NullReturnVals,NullReturnVals,RemoveConditional,RemoveConditional,RemoveConditional,RemoveConditional,RemoveConditional,RemoveConditional,RemoveConditional,RemoveConditional,RemoveConditional,RemoveConditional,RemoveConditional,ReturnVals,ReturnVals,ReturnVals,ReturnVals,CRCR,CRCR,CRCR,CRCR,CRCR,CRCR,CRCR,CRCR,CRCR,CRCR,CRCR,CRCR,CRCR,CRCR,CRCR,CRCR,ROR,ROR,ROR,ROR,ROR,ROR,ROR,ROR,ROR,ROR,ROR,ROR,ROR,ROR,ROR,ROR,ROR,ROR,UOI,UOI,UOI,UOI,UOI,BooleanTrueReturnVals,InlineConstant,NonVoidMethodCall,RemoveConditional,RemoveConditional,RemoveConditional,ReturnVals,CRCR,CRCR,CRCR,CRCR
Lang-18f,MAJOR,ROR,LVR,LVR,LVR,LVR,ROR,COR
Lang-18f,PIT,UOI,ABS,UOI,UOI,ConstructorCall,ConstructorCall,InlineConstant,InlineConstant,InlineConstant,RemoveConditional,CRCR,CRCR,CRCR,CRCR,CRCR,CRCR,CRCR,CRCR,CRCR,CRCR,CRCR,CRCR,UOI,UOI,UOI,UOI,InlineConstant,CRCR,ROR
Lang-19f,MAJOR,ROR,ROR,LVR,LVR,ROR,ROR,COR,ROR,COR,COR,ROR,ROR,ROR,COR,COR,COR,COR,LVR,LVR
Lang-19f,PIT,InlineConstant,InlineConstant,InlineConstant,InlineConstant,RemoveConditional,RemoveConditional,RemoveConditional,RemoveConditional,RemoveConditional,ReturnVals,ABS,ABS,ABS,CRCR,CRCR,CRCR,CRCR,CRCR,CRCR,CRCR,CRCR,CRCR,CRCR,CRCR,CRCR,CRCR,CRCR,CRCR,CRCR,CRCR,CRCR,CRCR,ROR,ROR,ROR,ROR,ROR,ROR,ROR,ROR,ROR,UOI,UOI,UOI,UOI,UOI,UOI,UOI,UOI,UOI,UOI,UOI,UOI,UOI,UOI,UOI
Lang-1f,MAJOR,ROR,STD,LVR,LVR,ROR,ROR,COR,COR
Lang-1f,PIT,Increments,Increments,InlineConstant,InlineConstant,InlineConstant,InlineConstant,NonVoidMethodCall,NonVoidMethodCall,RemoveConditional,RemoveConditional,RemoveConditional,RemoveConditional,RemoveConditional,RemoveConditional,RemoveConditional,RemoveIncrements,ABS,ABS,ABS,ABS,ABS,CRCR,CRCR,CRCR,CRCR,CRCR,CRCR,CRCR,CRCR,CRCR,CRCR,CRCR,CRCR,CRCR,CRCR,CRCR,CRCR,CRCR,CRCR,CRCR,CRCR,ROR,ROR,ROR,ROR,ROR,ROR,ROR,ROR,UOI,UOI,UOI,UOI,UOI,UOI,UOI,UOI,UOI
Lang-22f,MAJOR,LVR,ROR,ROR
Lang-22f,PIT,UOI,ABS,UOI,UOI,UOI,UOI
Lang-23f,MAJOR,LVR,COR,LVR,STD
Lang-23f,PIT,NonVoidMethodCall,NonVoidMethodCall,BooleanFalseReturnVals,BooleanTrueReturnVals,InlineConstant,InlineConstant,NonVoidMethodCall,RemoveConditional,ReturnVals,ReturnVals,CRCR,CRCR,CRCR,CRCR,CRCR,CRCR,CRCR,ROR,NonVoidMethodCall,PrimitiveReturns,ReturnVals,AOD,AOD,AOD,CRCR
Lang-24f,MAJOR,LVR,ROR,ROR,ROR,COR,ROR,COR,ROR,ROR,COR,STD,ROR,ROR,COR,COR,LVR,STD,ROR,ROR,ROR,ROR,COR,COR,LVR,STD,ROR,ROR,COR,COR,COR,COR,LVR,STD,LVR,STD,ROR,ROR,ROR,ROR,ROR,COR,ROR,ROR,ROR,ROR,COR,COR
Lang-24f,PIT,InlineConstant,InlineConstant,InlineConstant,InlineConstant,InlineConstant,InlineConstant,InlineConstant,InlineConstant,InlineConstant,InlineConstant,InlineConstant,RemoveConditional,RemoveConditional,RemoveConditional,RemoveConditional,RemoveConditional,RemoveConditional,RemoveConditional,RemoveConditional,RemoveConditional,RemoveConditional,RemoveConditional,RemoveConditional,RemoveConditional,RemoveConditional,RemoveConditional,RemoveConditional,RemoveConditional,AOD,CRCR,CRCR,CRCR,CRCR,CRCR,CRCR,CRCR,CRCR,CRCR,CRCR,CRCR,CRCR,CRCR,CRCR,CRCR,CRCR,CRCR,CRCR,CRCR,CRCR,CRCR,CRCR,CRCR,CRCR,CRCR,CRCR,CRCR,CRCR,CRCR,CRCR,CRCR,CRCR,CRCR,CRCR,CRCR,CRCR,CRCR,CRCR,CRCR,CRCR,CRCR,CRCR,CRCR,CRCR,CRCR,CRCR,CRCR,CRCR,CRCR,ROR,ROR,ROR,ROR,ROR,ROR,ROR,ROR,ROR,ROR,ROR,ROR,ROR,ROR,ROR,ROR,ROR,ROR,ROR,ROR,ROR,ROR,ROR,ROR,ROR,ROR,ROR,ROR,ROR,ROR,ROR,ROR,ROR,ROR,ROR,ROR,ROR,ROR,UOI,UOI,UOI,UOI,UOI,UOI,UOI,UOI,UOI,UOI,UOI,UOI,UOI,UOI
Lang-27f,MAJOR,ROR,COR,ROR,COR,LVR,ROR,COR,COR,LVR,ROR,COR,COR,COR,ROR
Lang-27f,PIT,ConstructorCall,ConstructorCall,InlineConstant,NonVoidMethodCall,NonVoidMethodCall,NonVoidMethodCall,NullReturnVals,NullReturnVals,NullReturnVals,RemoveConditional,RemoveConditional,RemoveConditional,RemoveConditional,RemoveConditional,RemoveConditional,ReturnVals,ReturnVals,ReturnVals,ABS,ABS,CRCR,CRCR,CRCR,CRCR,CRCR,CRCR,CRCR,CRCR,ROR,ROR,ROR,ROR,ROR,ROR,UOI,UOI,UOI,UOI,UOI,UOI,UOI,UOI,UOI
Lang-28f,MAJOR,ROR,LVR,LVR,STD,LVR,LVR,STD
Lang-28f,PIT,InlineConstant,InlineConstant,NonVoidMethodCall,RemoveConditional,VoidMethodCall,VoidMethodCall,ABS,ABS,CRCR,CRCR,CRCR,CRCR,CRCR,CRCR,CRCR,CRCR,CRCR,UOI,UOI
Lang-32f,MAJOR,COR,COR,STD,STD,COR,STD
Lang-32f,PIT,ConstructorCall,InlineConstant,NonVoidMethodCall,NonVoidMethodCall,RemoveConditional,RemoveConditional,CRCR,CRCR,CRCR,ROR,NonVoidMethodCall,RemoveConditional,VoidMethodCall,ROR,ConstructorCall,NonVoidMethodCall,NonVoidMethodCall,RemoveConditional,NonVoidMethodCall,RemoveConditional,VoidMethodCall,ROR,ROR,ROR
Lang-33f,MAJOR,LVR,ROR,ROR
Lang-33f,PIT,RemoveConditional,RemoveConditional,ROR
Lang-35f,MAJOR,ROR,ROR
Lang-35f,PIT,ConstructorCall,RemoveConditional,ConstructorCall,RemoveConditional
Lang-36f,MAJOR,ROR,COR,COR,COR,COR,COR,LVR,LVR,ROR,COR,COR,COR,ROR,ROR,ROR,STD,COR,ROR,ROR,COR,LVR,STD,ROR,ROR,COR,COR,COR,LVR,STD,ROR,ROR,COR,COR,ROR
Lang-36f,PIT,InlineConstant,InlineConstant,InlineConstant,InlineConstant,NonVoidMethodCall,NonVoidMethodCall,NonVoidMethodCall,NullReturnVals,RemoveConditional,RemoveConditional,RemoveConditional,RemoveConditional,RemoveConditional,RemoveConditional,ReturnVals,ABS,CRCR,CRCR,CRCR,CRCR,CRCR,CRCR,CRCR,CRCR,CRCR,CRCR,CRCR,CRCR,CRCR,CRCR,CRCR,CRCR,ROR,ROR,ROR,ROR,ROR,ROR,ROR,ROR,ROR,ROR,ROR,ROR,UOI,UOI,BooleanFalseReturnVals,BooleanTrueReturnVals,InlineConstant,InlineConstant,InlineConstant,InlineConstant,InlineConstant,InlineConstant,InlineConstant,InlineConstant,InlineConstant,RemoveConditional,RemoveConditional,RemoveConditional,RemoveConditional,RemoveConditional,RemoveConditional,RemoveConditional,RemoveConditional,RemoveConditional,ReturnVals,CRCR,CRCR,CRCR,CRCR,CRCR,CRCR,CRCR,CRCR,CRCR,CRCR,CRCR,CRCR,CRCR,CRCR,CRCR,CRCR,CRCR,CRCR,CRCR,CRCR,CRCR,CRCR,CRCR,CRCR,CRCR,CRCR,CRCR,CRCR,CRCR,CRCR,CRCR,CRCR,CRCR,ROR,ROR,ROR,ROR,ROR,ROR,ROR,ROR,ROR,ROR,ROR,ROR,ROR,ROR,ROR,ROR,ROR,ROR,UOI,UOI,UOI,UOI,UOI,UOI,UOI,UOI,UOI,UOI,UOI,UOI
Lang-37f,MAJOR,COR
Lang-37f,PIT,ConstructorCall,ConstructorCall,NonVoidMethodCall,NonVoidMethodCall,NonVoidMethodCall,NonVoidMethodCall,NonVoidMethodCall,NonVoidMethodCall,RemoveConditional,ROR,ROR,ROR
Lang-41f,MAJOR,COR,LVR,LVR,ROR,ROR,ROR,LVR,LVR,STD,STD,LVR,LVR,ROR,LVR,LVR,AOR,AOR,AOR,AOR,ROR,ROR,ROR,COR,COR,COR,LVR,LVR,LVR,LVR,AOR,AOR,AOR,AOR,STD,COR,STD,ROR,LVR,STD,ROR,AOR,ROR,ROR,COR,COR,LVR,STD
Lang-41f,PIT,InlineConstant,InlineConstant,InlineConstant,InlineConstant,InlineConstant,NonVoidMethodCall,NonVoidMethodCall,NonVoidMethodCall,RemoveConditional,RemoveConditional,RemoveConditional,RemoveConditional,NakedReceiver,NakedReceiver,AOD,AOR,CRCR,CRCR,CRCR,CRCR,CRCR,CRCR,CRCR,CRCR,CRCR,CRCR,CRCR,CRCR,CRCR,CRCR,CRCR,CRCR,CRCR,CRCR,CRCR,CRCR,CRCR,CRCR,CRCR,ROR,ROR,ROR,ROR,ROR,ROR,ROR,ArgumentPropagation,InlineConstant,InlineConstant,InlineConstant,InlineConstant,InlineConstant,InlineConstant,InlineConstant,InlineConstant,NonVoidMethodCall,NonVoidMethodCall,NonVoidMethodCall,NonVoidMethodCall,NonVoidMethodCall,NonVoidMethodCall,NonVoidMethodCall,NonVoidMethodCall,NonVoidMethodCall,NonVoidMethodCall,NonVoidMethodCall,RemoveConditional,RemoveConditional,RemoveConditional,RemoveConditional,RemoveConditional,RemoveConditional,RemoveConditional,NakedReceiver,NakedReceiver,NakedReceiver,AOD,AOD,AOD,AOD,AOR,AOR,AOR,AOR,AOR,AOR,AOR,AOR,CRCR,CRCR,CRCR,CRCR,CRCR,CRCR,CRCR,CRCR,CRCR,CRCR,CRCR,CRCR,CRCR,CRCR,CRCR,CRCR,CRCR,CRCR,CRCR,CRCR,CRCR,CRCR,CRCR,CRCR,CRCR,CRCR,CRCR,CRCR,CRCR,CRCR,CRCR,CRCR,CRCR,CRCR,CRCR,CRCR,CRCR,CRCR,CRCR,CRCR,CRCR,CRCR,CRCR,CRCR,ROR,ROR,ROR,ROR,ROR,ROR,ROR,ROR,ROR,ROR,ROR,ROR,ROR,ROR,ROR,ROR,ROR
Lang-45f,MAJOR,ROR,STD
Lang-45f,PIT,NonVoidMethodCall,RemoveConditional,ROR
Lang-46f,MAJOR,LVR,LVR,LVR,LVR,LVR,ROR,STD,COR
Lang-46f,PIT,InlineConstant,CRCR,CRCR,CRCR,CRCR,InlineConstant,CRCR,CRCR,CRCR,CRCR,RemoveConditional,ROR,UOI,UOI
Lang-49f,MAJOR,LVR,ROR,COR
Lang-49f,PIT,ABS,RemoveConditional,ROR
Lang-52f,MAJOR,STD,STD
Lang-52f,PIT,InlineConstant,InlineConstant,VoidMethodCall,VoidMethodCall,RemoveSwitch,CRCR,CRCR,CRCR,CRCR,CRCR,CRCR,CRCR,CRCR,CRCR,CRCR,CRCR,CRCR
Lang-54f,MAJOR,ROR,LVR,LVR,LVR,LVR,LVR,LVR
Lang-54f,PIT,ConstructorCall,InlineConstant,InlineConstant,InlineConstant,InlineConstant,InlineConstant,NonVoidMethodCall,NonVoidMethodCall,NullReturnVals,RemoveConditional,ReturnVals,NakedReceiver,NakedReceiver,ABS,CRCR,CRCR,CRCR,CRCR,CRCR,CRCR,CRCR,CRCR,CRCR,CRCR,CRCR,CRCR,CRCR,CRCR,CRCR,CRCR,CRCR,CRCR,CRCR,CRCR,CRCR,CRCR,CRCR,UOI,UOI
Lang-57f,MAJOR,ROR,ROR,ROR,LVR,LVR,ROR,ROR,COR,ROR,COR,COR,COR,ROR,ROR,ROR,COR,COR,COR,STD,STD,STD
Lang-57f,PIT
Lang-58f,MAJOR
Lang-58f,PIT,NonVoidMethodCall,RemoveConditional,ROR
Lang-5f,MAJOR,ROR,ROR,ROR,LVR,LVR,COR,COR,LVR,LVR,ROR,LVR,LVR,LVR,LVR,LVR,LVR,ROR,ROR,ROR,ROR,LVR,LVR,LVR,LVR,LVR,LVR
Lang-5f,PIT,ConstructorCall,ConstructorCall,InlineConstant,InlineConstant,InlineConstant,InlineConstant,InlineConstant,InlineConstant,InlineConstant,InlineConstant,InlineConstant,InlineConstant,InlineConstant,NonVoidMethodCall,NonVoidMethodCall,NonVoidMethodCall,NonVoidMethodCall,NonVoidMethodCall,NonVoidMethodCall,NonVoidMethodCall,NonVoidMethodCall,NullReturnVals,NullReturnVals,RemoveConditional,RemoveConditional,RemoveConditional,RemoveConditional,RemoveConditional,RemoveConditional,RemoveConditional,RemoveConditional,RemoveConditional,ReturnVals,ReturnVals,NakedReceiver,NakedReceiver,NakedReceiver,ABS,ABS,ABS,ABS,ABS,ABS,CRCR,CRCR,CRCR,CRCR,CRCR,CRCR,CRCR,CRCR,CRCR,CRCR,CRCR,CRCR,CRCR,CRCR,CRCR,CRCR,CRCR,CRCR,CRCR,CRCR,CRCR,CRCR,CRCR,CRCR,CRCR,CRCR,CRCR,CRCR,CRCR,CRCR,CRCR,CRCR,CRCR,CRCR,CRCR,CRCR,CRCR,CRCR,CRCR,CRCR,CRCR,CRCR,CRCR,CRCR,CRCR,CRCR,CRCR,CRCR,CRCR,CRCR,CRCR,CRCR,CRCR,CRCR,CRCR,CRCR,CRCR,CRCR,CRCR,ROR,ROR,ROR,ROR,ROR,ROR,ROR,ROR,ROR,ROR,ROR,ROR,ROR,ROR,UOI,UOI,UOI,UOI,UOI,UOI,UOI,UOI
Lang-62f,MAJOR,ROR,LVR,LVR,STD,ROR,LVR,LVR,STD
Lang-62f,PIT,InlineConstant,RemoveConditional,ABS,CRCR,CRCR,CRCR,CRCR,CRCR,ROR,InlineConstant,RemoveConditional,ABS,CRCR,CRCR,CRCR,CRCR,CRCR,ROR,ROR,UOI
Lang-65f,MAJOR,ROR,ROR,ROR,LVR,COR,COR,STD,ROR,COR,COR,LVR,LVR,AOR,AOR,AOR,AOR,STD,ROR,LVR,LVR,ROR,COR,COR,COR,LVR,AOR,AOR,AOR,STD,ROR,STD,STD,LVR,ROR
Lang-65f,PIT
Lang-7f,MAJOR,COR,COR,LVR,LVR,ROR,ROR,COR,COR,ROR,COR
Lang-7f,PIT,NonVoidMethodCall,RemoveConditional,ROR,InlineConstant,InlineConstant,NonVoidMethodCall,NullReturnVals,NullReturnVals,NullReturnVals,RemoveConditional,RemoveConditional,ReturnVals,ReturnVals,ReturnVals,CRCR,CRCR,CRCR,CRCR,CRCR,CRCR,CRCR,CRCR,ROR,ROR,ROR,ROR,ROR,UOI
Lang-8f,MAJOR,COR
Lang-8f,PIT,RemoveConditional,CRCR,CRCR,UOI
Math-101f,MAJOR,ROR,COR,COR,COR,COR
Math-101f,PIT,RemoveConditional,ABS,ROR,UOI
Math-102f,MAJOR,ROR,AOR,AOR,ROR,STD,LVR,STD,COR,AOR,AOR,AOR,AOR,ROR
Math-102f,PIT
Math-103f,MAJOR,AOR,AOR,AOR,AOR,AOR,AOR,ROR,ROR,LVR,LVR,AOR,AOR,AOR,AOR,AOR,AOR,ROR,LVR,LVR
Math-103f,PIT,InlineConstant,PrimitiveReturns,RemoveConditional,RemoveConditional,ReturnVals,ReturnVals,ABS,ABS,ABS,AOD,AOD,AOD,AOR,AOR,AOR,AOR,AOR,AOR,AOR,AOR,CRCR,CRCR,CRCR,CRCR,CRCR,CRCR,CRCR,ROR,ROR,ROR,ROR,UOI,UOI,UOI,UOI,UOI,UOI,UOI,UOI,UOI,UOI,UOI,UOI
Math-104f,MAJOR
Math-104f,PIT
Math-105f,MAJOR,LVR
Math-105f,PIT,ArgumentPropagation,CRCR,CRCR
Math-106f,MAJOR,ROR,LVR,ROR,STD
Math-106f,PIT,NonVoidMethodCall,NonVoidMethodCall,RemoveConditional,RemoveConditional,ReturnVals,VoidMethodCall,UOI,UOI
Math-11f,MAJOR
Math-11f,PIT,UOI
Math-13f,MAJOR
Math-13f,PIT,RemoveConditional,ROR,ROR,ROR
Math-14f,MAJOR
Math-14f,PIT,InlineConstant,CRCR,CRCR,UOI
Math-17f,MAJOR
Math-17f,PIT
Math-1f,MAJOR,LVR,ROR,ROR,COR,COR,LVR,ROR,ROR,COR
Math-1f,PIT,ArgumentPropagation,InlineConstant,RemoveConditional,RemoveConditional,ABS,ABS,CRCR,CRCR,UOI,UOI,UOI,UOI,UOI,UOI,UOI,UOI,UOI,InlineConstant,RemoveConditional,RemoveConditional,CRCR,CRCR,ROR,ROR,UOI,UOI,UOI,UOI,UOI,UOI,UOI
Math-21f,MAJOR,ROR,STD
Math-21f,PIT,ABS,ROR,UOI,UOI,UOI,UOI,UOI,UOI
Math-23f,MAJOR,ROR,ROR,ROR
Math-23f,PIT
Math-24f,MAJOR,ROR,ROR,ROR,ROR,ROR,COR,ROR,ROR,ROR,ROR
Math-24f,PIT,ROR,RemoveConditional,ROR,UOI
Math-25f,MAJOR,AOR,AOR,LVR,ROR,LVR,LVR,ROR
Math-25f,PIT
Math-26f,MAJOR
Math-26f,PIT
Math-27f,MAJOR
Math-27f,PIT
Math-28f,MAJOR,ROR,ROR,AOR,AOR,AOR,ROR
Math-28f,PIT,NonVoidMethodCall,RemoveConditional,AOD,AOR,AOR,AOR,CRCR,CRCR,ROR,UOI,UOI,UOI,UOI
Math-29f,MAJOR,COR,ROR,COR,STD
Math-29f,PIT,NonVoidMethodCall,NonVoidMethodCall,NonVoidMethodCall,NonVoidMethodCall,RemoveConditional,RemoveConditional,RemoveConditional,VoidMethodCall,ABS,ROR,ROR,ROR,ROR,ROR,ROR,ROR,ROR,ROR,UOI,UOI,UOI,UOI
Math-2f,MAJOR
Math-2f,PIT
Math-32f,MAJOR,COR,COR,LVR,LVR
Math-32f,PIT,InlineConstant,NonVoidMethodCall,RemoveConditional,CRCR,CRCR,CRCR,CRCR,InlineConstant,CRCR,CRCR,UOI,UOI
Math-35f,MAJOR
Math-35f,PIT
Math-36f,MAJOR,COR,AOR,AOR,AOR,AOR,AOR,AOR,AOR,AOR,STD,COR,AOR,AOR,AOR,AOR,AOR,AOR,AOR,AOR,STD
Math-36f,PIT,ArgumentPropagation,InlineConstant,NonVoidMethodCall,NonVoidMethodCall,NonVoidMethodCall,NonVoidMethodCall,NonVoidMethodCall,RemoveConditional,BigInteger,BigInteger,NakedReceiver,NakedReceiver,ABS,ABS,AOD,AOD,AOD,AOD,AOR,AOR,AOR,AOR,AOR,AOR,AOR,AOR,CRCR,CRCR,CRCR,CRCR,ROR,ROR,ROR,UOI,UOI,UOI,ArgumentPropagation,InlineConstant,NonVoidMethodCall,NonVoidMethodCall,NonVoidMethodCall,NonVoidMethodCall,NonVoidMethodCall,NonVoidMethodCall,NonVoidMethodCall,RemoveConditional,BigInteger,BigInteger,NakedReceiver,NakedReceiver,ABS,ABS,AOD,AOD,AOD,AOD,AOR,AOR,AOR,AOR,AOR,AOR,AOR,AOR,CRCR,CRCR,CRCR,CRCR,CRCR,ROR,ROR,ROR,UOI,UOI,UOI,UOI
Math-37f,MAJOR,ROR,ROR,ROR
Math-37f,PIT
Math-3f,MAJOR,LVR,LVR,ROR,LVR,LVR,LVR,LVR,AOR,AOR,AOR,AOR
Math-3f,PIT,InlineConstant,InlineConstant,InlineConstant,PrimitiveReturns,RemoveConditional,ReturnVals,ABS,ABS,ABS,AOD,AOD,AOR,AOR,AOR,AOR,CRCR,CRCR,CRCR,CRCR,CRCR,CRCR,CRCR,CRCR,CRCR,CRCR,CRCR,CRCR,UOI,UOI,UOI,UOI,UOI,UOI,UOI,UOI
Math-40f,MAJOR,AOR,AOR,AOR,AOR
Math-40f,PIT,ABS,AOD,AOR,AOR,AOR,CRCR,UOI,UOI
Math-42f,MAJOR,LVR,ROR,COR
Math-42f,PIT,RemoveConditional,RemoveConditional,ROR
Math-43f,MAJOR
Math-43f,PIT,UOI,UOI
Math-44f,MAJOR,LVR,STD
Math-44f,PIT,InlineConstant,VoidMethodCall,CRCR,CRCR,CRCR,CRCR,CRCR,InlineConstant,InlineConstant,InlineConstant,NonVoidMethodCall,RemoveConditional,RemoveConditional,VoidMethodCall,VoidMethodCall,VoidMethodCall,MemberVariable,MemberVariable,ABS,CRCR,CRCR,CRCR,CRCR,CRCR,CRCR,CRCR,CRCR,CRCR,CRCR,CRCR,CRCR,CRCR,ROR,ROR,ROR,ROR,ROR,ROR,ROR,ROR,ROR,ROR,ROR,ROR,UOI,UOI,UOI,UOI,UOI,UOI,UOI,UOI,UOI,UOI,InlineConstant,ABS,CRCR,CRCR,UOI,UOI,UOI,UOI,UOI,UOI,ABS,UOI,UOI,UOI,UOI,UOI,UOI,UOI,UOI,UOI,UOI,ROR,ROR,UOI,ArgumentPropagation,ArgumentPropagation,NonVoidMethodCall,NonVoidMethodCall,NonVoidMethodCall,NonVoidMethodCall,AOD,CRCR,CRCR,CRCR,ROR,UOI,UOI,UOI,UOI,UOI,ABS,UOI
Math-45f,MAJOR,AOR,AOR,AOR,ROR
Math-45f,PIT,ConstructorCall,RemoveConditional,ABS,ABS,ABS,ABS,AOD,AOD,AOR,AOR,AOR,ROR
Math-46f,MAJOR,COR
Math-46f,PIT
Math-47f,MAJOR,COR
Math-47f,PIT
Math-49f,MAJOR
Math-49f,PIT
Math-4f,MAJOR,ROR,ROR
Math-4f,PIT,RemoveConditional,ReturnVals,RemoveConditional,ReturnVals
Math-50f,MAJOR
Math-50f,PIT
Math-52f,MAJOR,ROR
Math-52f,PIT
Math-53f,MAJOR,COR
Math-53f,PIT
Math-55f,MAJOR,AOR,ROR,AOR,AOR,LVR,AOR,AOR,AOR,AOR,AOR,AOR,AOR,AOR,AOR,LVR,LVR,AOR,LVR,LVR,AOR,AOR,LVR,AOR
Math-55f,PIT
Math-56f,MAJOR,STD
Math-56f,PIT,InlineConstant,AOR,CRCR,AOR,AOR,ROR,UOI,UOI,UOI,UOI
Math-58f,MAJOR
Math-58f,PIT
Math-5f,MAJOR,ROR,ROR,COR
Math-5f,PIT
Math-61f,MAJOR
Math-61f,PIT,InlineConstant,UOI,ROR
Math-62f,MAJOR,LVR,AOR,AOR,AOR,AOR,AOR,AOR,AOR,AOR,AOR,ROR,ROR,AOR,AOR,AOR,AOR,AOR
Math-62f,PIT,InlineConstant,NullReturnVals,ReturnVals,ABS,ABS,ABS,AOD,AOD,AOD,AOR,AOR,AOR,AOR,AOR,CRCR,CRCR,CRCR,UOI,UOI,UOI,UOI,UOI,UOI,UOI,UOI,UOI,UOI,InlineConstant,NullReturnVals,RemoveConditional,ReturnVals,ABS,ABS,AOR,AOR,AOR,AOR,CRCR,CRCR,ROR,UOI,UOI,UOI,UOI,UOI,UOI,UOI,UOI,UOI,UOI,UOI,UOI,UOI,UOI,UOI,UOI,UOI,UOI,UOI,UOI,UOI,UOI,UOI,UOI
Math-63f,MAJOR
Math-63f,PIT,ABS,ABS,CRCR,ABS,ABS,UOI
Math-64f,MAJOR
Math-64f,PIT
Math-66f,MAJOR,AOR,STD,ROR,ROR,ROR,ROR,COR,COR,COR,ROR,COR,STD,ROR,ROR,AOR,AOR,LVR,ROR,AOR,STD,ROR,STD,ROR,ROR,ROR,COR,STD,ROR,ROR,ROR,ROR,COR,COR,ROR,ROR,COR,COR,STD
Math-66f,PIT,CRCR,CRCR,CRCR,RemoveConditional,ABS,ABS,AOD,AOR,AOR,AOR,AOR,AOR,AOR,ROR,ROR,ROR,UOI,UOI,UOI,UOI,UOI,UOI,UOI,UOI,UOI,UOI,UOI,UOI,UOI,UOI
Math-67f,MAJOR,LVR,LVR,LVR,AOR,AOR,AOR,AOR,AOR,AOR,AOR,ROR,AOR,AOR,STD,ROR,COR,LVR,AOR,AOR,AOR,STD,LVR,AOR,AOR,AOR,STD,ROR,STD,STD,AOR,STD,AOR,STD
Math-67f,PIT,PrimitiveReturns,ReturnVals,ABS,CRCR,CRCR,UOI,UOI,UOI,UOI,InlineConstant,PrimitiveReturns,ReturnVals,ABS,CRCR,CRCR,CRCR,CRCR,UOI,UOI,UOI,UOI,InlineConstant,InlineConstant,InlineConstant,PrimitiveReturns,RemoveConditional,RemoveConditional,RemoveConditional,ReturnVals,ABS,ABS,ABS,ABS,ABS,ABS,ABS,ABS,ABS,AOD,AOD,AOD,AOD,AOD,AOD,AOD,AOD,AOD,AOD,AOR,AOR,AOR,AOR,AOR,AOR,AOR,AOR,AOR,AOR,AOR,AOR,AOR,AOR,AOR,AOR,AOR,AOR,CRCR,CRCR,CRCR,CRCR,CRCR,CRCR,CRCR,CRCR,CRCR,CRCR,CRCR,CRCR,ROR,ROR,ROR,UOI,UOI,UOI,UOI,UOI,UOI,UOI,UOI,UOI,UOI,UOI,UOI,UOI,UOI,UOI,UOI,UOI,UOI,UOI,UOI,UOI,UOI,UOI,UOI,UOI,UOI,UOI,UOI,UOI,UOI,UOI,UOI,UOI,UOI,UOI,UOI,UOI,UOI,UOI,UOI,UOI,UOI,UOI,UOI,UOI,UOI,UOI,UOI,UOI,UOI,UOI,UOI,UOI,UOI,UOI,UOI,UOI,UOI,UOI,UOI,UOI,UOI,UOI,UOI,UOI,UOI,UOI,UOI,UOI,UOI,UOI,UOI,UOI,UOI,UOI,UOI,UOI,UOI,UOI,UOI,UOI,UOI,UOI,UOI,UOI,UOI
Math-68f,MAJOR
Math-68f,PIT
Math-6f,MAJOR,ROR,STD,LVR,ROR,LVR,LVR,ROR,ROR,ROR,COR,STD,LVR,LVR,ROR,ROR,STD,STD,LVR,AOR,AOR,AOR,LVR,AOR,AOR,AOR,AOR,AOR,AOR,STD,AOR,ROR,COR,ORU,STD,COR,ORU,ROR,AOR,AOR,ROR,AOR,AOR,AOR,AOR,AOR,AOR,AOR,AOR,AOR,AOR,AOR,AOR,AOR,AOR,LVR,ROR,STD,STD,AOR,AOR,AOR,LVR,AOR,STD,AOR,AOR,AOR,AOR,LVR,AOR,AOR,AOR,AOR,AOR,AOR,AOR,AOR,AOR,AOR,AOR,AOR,AOR,STD,AOR,AOR,AOR,AOR,AOR,STD,LVR,LVR,AOR,AOR,AOR,AOR,LVR,AOR,AOR,AOR,AOR,AOR,AOR,LVR,AOR,AOR,AOR,AOR,AOR,LVR,AOR,AOR,LVR,LVR,AOR,AOR,AOR,AOR,AOR,AOR,AOR,AOR,AOR,AOR,AOR,AOR,AOR,AOR,AOR,AOR,AOR,AOR,STD,AOR,LVR,AOR,LVR,AOR,AOR,LVR,LVR,AOR,AOR,AOR,AOR,AOR,AOR,AOR,AOR,LVR,STD,STD,LVR,LVR,LVR,LVR,LVR,AOR,AOR,AOR,AOR,AOR,AOR,AOR,AOR,AOR,AOR,AOR,AOR,LVR,AOR,AOR,AOR,AOR,AOR,AOR,AOR,AOR,AOR,AOR,AOR,AOR,LVR,AOR,STD,COR,STD,LVR,AOR,AOR,AOR,AOR,STD,STD,STD,LVR,AOR,LVR,ROR,LVR,AOR,AOR,AOR,AOR,AOR,LVR,LVR,AOR,AOR,AOR,LVR,LVR,AOR,STD,LVR,AOR,AOR,AOR,AOR,AOR,AOR,AOR,AOR,STD,LVR,LVR,STD,STD,AOR,AOR,AOR,LVR,ROR,LVR,AOR,AOR,AOR,AOR,AOR,AOR,AOR,LVR,AOR,LVR,LVR,ROR,COR,LVR,LVR,LVR,STD,STD,LVR,LVR,LVR,STD,AOR,AOR,AOR,AOR,COR,ORU,LVR,ROR,STD,LVR,LVR,COR,ORU,AOR,LVR,ROR,LVR,ROR,STD,AOR,AOR,ROR,ROR,LVR,ROR,LVR,LVR,LVR,LVR,ROR,ROR,LVR,LVR,STD,LVR,ROR,STD,LVR,ROR,STD,AOR,AOR,AOR,ROR,STD,ROR,LVR,ROR,ROR,STD,STD,LVR,LVR,AOR,AOR,ROR,COR,ROR,ROR,ROR,LVR,LVR,LVR,LVR,AOR,AOR,AOR,AOR,AOR,AOR,AOR,AOR,ROR,LVR,STD
Math-6f,PIT,VoidMethodCall,MemberVariable,ABS,ABS,UOI,InlineConstant,NonVoidMethodCall,NonVoidMethodCall,RemoveConditional,VoidMethodCall,ABS,ABS,CRCR,CRCR,ROR,ROR,ROR,UOI,UOI,UOI,UOI,UOI,UOI,ConstructorCall,InlineConstant,InlineConstant,InlineConstant,NonVoidMethodCall,NonVoidMethodCall,NonVoidMethodCall,NullReturnVals,RemoveConditional,RemoveConditional,RemoveConditional,ReturnVals,ABS,ABS,ABS,ABS,CRCR,CRCR,CRCR,CRCR,CRCR,CRCR,CRCR,CRCR,CRCR,CRCR,CRCR,CRCR,CRCR,ROR,ROR,ROR,ROR,ROR,UOI,UOI,UOI,UOI,UOI,UOI,UOI,UOI,UOI,UOI,UOI,UOI,UOI,UOI,UOI,UOI,AOR,UOI,UOI,UOI,UOI,UOI,UOI,ArgumentPropagation,ArgumentPropagation,ArgumentPropagation,Increments,InlineConstant,InlineConstant,InlineConstant,InvertNegs,InvertNegs,NonVoidMethodCall,NonVoidMethodCall,NonVoidMethodCall,NonVoidMethodCall,RemoveConditional,RemoveConditional,RemoveConditional,RemoveConditional,RemoveConditional,RemoveConditional,RemoveConditional,RemoveConditional,RemoveConditional,VoidMethodCall,VoidMethodCall,MemberVariable,MemberVariable,NakedReceiver,NakedReceiver,RemoveIncrements,ABS,ABS,ABS,ABS,ABS,ABS,ABS,ABS,ABS,ABS,ABS,ABS,ABS,ABS,ABS,ABS,AOD,AOD,AOD,AOD,AOD,AOD,AOD,AOD,AOD,AOD,AOD,AOD,AOR,AOR,AOR,AOR,AOR,AOR,AOR,AOR,AOR,AOR,AOR,AOR,AOR,AOR,AOR,AOR,AOR,AOR,AOR,AOR,AOR,AOR,AOR,AOR,AOR,AOR,CRCR,CRCR,CRCR,CRCR,CRCR,CRCR,CRCR,ROR,ROR,ROR,ROR,ROR,ROR,ROR,ROR,ROR,ROR,ROR,ROR,ROR,ROR,ROR,ROR,ROR,ROR,ROR,ROR,ROR,ROR,UOI,UOI,UOI,UOI,UOI,UOI,UOI,UOI,UOI,UOI,UOI,UOI,UOI,UOI,UOI,UOI,UOI,UOI,UOI,UOI,UOI,UOI,UOI,UOI,UOI,UOI,UOI,UOI,UOI,UOI,UOI,UOI,UOI,UOI,UOI,UOI,UOI,UOI,UOI,UOI,UOI,UOI,UOI,UOI,UOI,UOI,UOI,UOI,UOI,UOI,InlineConstant,ABS,ABS,CRCR,UOI,UOI,UOI,ArgumentPropagation,ArgumentPropagation,ArgumentPropagation,ArgumentPropagation,ArgumentPropagation,InlineConstant,InlineConstant,InlineConstant,InlineConstant,InlineConstant,InlineConstant,NonVoidMethodCall,RemoveConditional,MemberVariable,MemberVariable,MemberVariable,MemberVariable,NakedReceiver,NakedReceiver,ABS,ABS,ABS,ABS,ABS,ABS,ABS,ABS,ABS,ABS,ABS,ABS,ABS,ABS,ABS,AOD,AOD,AOD,AOD,AOD,AOD,AOD,AOD,AOD,AOD,AOD,AOD,AOD,AOD,AOD,AOD,AOD,AOD,AOD,AOD,AOD,AOD,AOD,AOD,AOD,AOD,AOD,AOD,AOD,AOD,AOD,AOD,AOD,AOD,AOR,AOR,AOR,AOR,AOR,AOR,AOR,AOR,AOR,AOR,AOR,AOR,AOR,AOR,AOR,AOR,AOR,AOR,AOR,AOR,AOR,AOR,AOR,AOR,AOR,AOR,AOR,AOR,AOR,AOR,AOR,AOR,AOR,AOR,AOR,AOR,AOR,AOR,AOR,AOR,AOR,AOR,AOR,AOR,AOR,AOR,AOR,AOR,AOR,AOR,AOR,AOR,AOR,AOR,AOR,AOR,AOR,AOR,AOR,AOR,AOR,AOR,AOR,AOR,AOR,AOR,AOR,AOR,CRCR,CRCR,CRCR,CRCR,CRCR,CRCR,CRCR,CRCR,CRCR,CRCR,CRCR,CRCR,CRCR,CRCR,CRCR,CRCR,CRCR,CRCR,CRCR,CRCR,CRCR,CRCR,CRCR,CRCR,CRCR,CRCR,CRCR,CRCR,CRCR,CRCR,CRCR,CRCR,CRCR,CRCR,CRCR,ROR,ROR,ROR,UOI,UOI,UOI,UOI,UOI,UOI,UOI,UOI,UOI,UOI,UOI,UOI,UOI,UOI,UOI,UOI,UOI,UOI,UOI,UOI,UOI,UOI,UOI,UOI,UOI,UOI,UOI,UOI,UOI,UOI,UOI,UOI,UOI,UOI,UOI,UOI,UOI,UOI,UOI,UOI,UOI,UOI,UOI,UOI,NonVoidMethodCall,PrimitiveReturns,ABS,UOI,UOI,UOI,UOI,UOI,UOI,UOI,RemoveConditional,ROR,UOI,UOI,UOI,UOI,UOI,UOI,InlineConstant,NonVoidMethodCall,RemoveConditional,RemoveConditional,ABS,ABS,ROR,ROR,ROR,ROR,UOI,UOI,UOI,PrimitiveReturns,ReturnVals,ABS,ABS,UOI,UOI,UOI,UOI,InlineConstant,RemoveConditional,VoidMethodCall,ABS,CRCR,CRCR,CRCR,CRCR,ROR,ROR,ROR,UOI,UOI,UOI,UOI,AOR,InlineConstant,NonVoidMethodCall,RemoveConditional,RemoveConditional,ABS,ABS,ABS,CRCR,CRCR,CRCR,ROR,ROR,ROR,ROR,ROR,ROR,UOI,UOI,UOI,UOI,AOD,AOD,AOD,AOD,AOR,AOR,AOR,UOI,UOI,UOI,AOD,InlineConstant,NonVoidMethodCall,NonVoidMethodCall,RemoveConditional,RemoveConditional,ABS,ABS,CRCR,CRCR,CRCR,CRCR,ROR,ROR,ROR,ROR,ROR,ROR,UOI,UOI,UOI,UOI,AOD,AOD,AOD,UOI,UOI,UOI,ABS,UOI,UOI,UOI,UOI,UOI,ABS,ABS,ABS,ABS,ABS,ABS,AOD,CRCR,UOI,CRCR,CRCR,UOI,RemoveConditional,ABS,ABS,ABS,ABS,ABS,ABS,ABS,AOD,AOD,AOR,ROR,ROR,ROR,UOI,UOI,UOI,ArgumentPropagation,ArgumentPropagation,ArgumentPropagation,ArgumentPropagation,ArgumentPropagation,ArgumentPropagation,InlineConstant,InlineConstant,InlineConstant,NonVoidMethodCall,NonVoidMethodCall,NonVoidMethodCall,NonVoidMethodCall,NonVoidMethodCall,NonVoidMethodCall,MemberVariable,MemberVariable,MemberVariable,NakedReceiver,NakedReceiver,NakedReceiver,ABS,ABS,ABS,AOD,CRCR,CRCR,CRCR,CRCR,CRCR,CRCR,CRCR,CRCR,CRCR,CRCR,CRCR,CRCR,ROR,UOI,UOI,UOI,UOI,UOI,UOI,UOI,UOI,UOI,UOI,UOI,UOI,UOI,UOI,UOI,UOI,UOI,ArgumentPropagation,ArgumentPropagation,ArgumentPropagation,ArgumentPropagation,ArgumentPropagation,ArgumentPropagation,ArgumentPropagation,ArgumentPropagation,ArgumentPropagation,ArgumentPropagation,InlineConstant,InlineConstant,NonVoidMethodCall,NonVoidMethodCall,NonVoidMethodCall,NonVoidMethodCall,NonVoidMethodCall,NonVoidMethodCall,NonVoidMethodCall,NonVoidMethodCall,NakedReceiver,NakedReceiver,NakedReceiver,NakedReceiver,NakedReceiver,NakedReceiver,NakedReceiver,NakedReceiver,NakedReceiver,NakedReceiver,NakedReceiver,ABS,ABS,ABS,ABS,ABS,AOD,AOD,AOD,AOD,AOD,AOD,AOR,AOR,AOR,AOR,AOR,AOR,AOR,AOR,AOR,AOR,AOR,AOR,AOR,CRCR,CRCR,CRCR,CRCR,CRCR,CRCR,CRCR,CRCR,CRCR,CRCR,CRCR,CRCR,CRCR,UOI,UOI,UOI,UOI,UOI,UOI,UOI,UOI,UOI,UOI,UOI,UOI,UOI,UOI,UOI,UOI,UOI,UOI,UOI,UOI,UOI,UOI,ArgumentPropagation,ArgumentPropagation,ArgumentPropagation,ArgumentPropagation,ArgumentPropagation,ArgumentPropagation,InlineConstant,InlineConstant,NakedReceiver,NakedReceiver,NakedReceiver,NakedReceiver,NakedReceiver,ABS,ABS,ABS,AOD,AOD,AOD,AOR,AOR,AOR,AOR,AOR,AOR,AOR,CRCR,CRCR,CRCR,UOI,UOI,UOI,UOI,ArgumentPropagation,ArgumentPropagation,InlineConstant,NakedReceiver,NakedReceiver,ABS,AOD,AOD,AOD,AOD,AOD,AOD,AOD,AOD,AOD,AOR,AOR,AOR,AOR,AOR,AOR,AOR,AOR,AOR,AOR,CRCR,CRCR,CRCR,CRCR,CRCR,CRCR,ROR,UOI,UOI,InlineConstant,RemoveConditional,RemoveConditional,RemoveConditional,ABS,ABS,ABS,ABS,ABS,ABS,ABS,AOR,AOR,AOR,CRCR,CRCR,CRCR,CRCR,CRCR,CRCR,CRCR,ROR,ROR,ROR,ROR,ROR,ROR,ROR,ROR,UOI,UOI,UOI,UOI,UOI,UOI,UOI,UOI,UOI,InlineConstant,CRCR,CRCR,CRCR,CRCR,CRCR,CRCR,NonVoidMethodCall,PrimitiveReturns,ReturnVals
Math-70f,MAJOR
Math-70f,PIT
Math-71f,MAJOR,ROR,LVR,LVR,LVR,LVR,STD,LVR,LVR,STD,LVR,STD,ROR,LVR,LVR,LVR,LVR,STD,LVR,LVR,STD,LVR,STD
Math-71f,PIT,InlineConstant,InlineConstant,InlineConstant,VoidMethodCall,MemberVariable,CRCR,CRCR,CRCR,CRCR,CRCR,CRCR,CRCR,CRCR,CRCR,CRCR,CRCR,CRCR,UOI,UOI,UOI,UOI,InlineConstant,InlineConstant,InlineConstant,VoidMethodCall,VoidMethodCall,MemberVariable,CRCR,CRCR,CRCR,CRCR,CRCR,CRCR,CRCR,CRCR,CRCR,CRCR,CRCR,CRCR,UOI,UOI,UOI,UOI
Math-73f,MAJOR,AOR,AOR,LVR,ROR,AOR,AOR,AOR,LVR,ROR
Math-73f,PIT,UOI,InlineConstant,InlineConstant,InlineConstant,NonVoidMethodCall,RemoveConditional,RemoveConditional,ABS,ABS,ABS,ABS,AOD,AOD,AOR,AOR,AOR,AOR,AOR,CRCR,CRCR,CRCR,CRCR,CRCR,CRCR,CRCR,CRCR,CRCR,CRCR,CRCR,CRCR,CRCR,CRCR,CRCR,CRCR,CRCR,CRCR,ROR,ROR,ROR,ROR,UOI,UOI
Math-75f,MAJOR
Math-75f,PIT
Math-77f,MAJOR,AOR,LVR,ROR,LVR,ROR,AOR,AOR,AOR,AOR,STD,LVR,ROR,LVR,ROR,AOR,AOR,AOR,AOR,STD
Math-77f,PIT,UOI
Math-78f,MAJOR
Math-78f,PIT,NonVoidMethodCall,RemoveConditional,RemoveConditional,MemberVariable,ABS,ABS,ABS,ABS,ABS,ABS,ABS,ABS,AOD,AOD,AOD,AOD,AOD,AOR,AOR,AOR,AOR,AOR,AOR,CRCR,CRCR,CRCR,CRCR,ROR,ROR,ROR,ROR,ROR,ROR,ROR,ROR,UOI,UOI,UOI,UOI,UOI,UOI,UOI
Math-79f,MAJOR
Math-79f,PIT
Math-7f,MAJOR
Math-7f,PIT,UOI,UOI
Math-80f,MAJOR,LVR,LVR,AOR,LVR,LVR,AOR,AOR,AOR,AOR,LVR,LVR,AOR,AOR,AOR,AOR,LVR,LVR,AOR,AOR,STD,LVR,LVR,AOR,AOR,STD,LVR,LVR,AOR,AOR,AOR,AOR,AOR,LVR,LVR,ROR,LVR,LVR,LVR,ROR,AOR,AOR,AOR,AOR,AOR,AOR,AOR,AOR,AOR,AOR,AOR,AOR,STD,AOR,AOR,AOR,AOR,STD,LVR,LVR,STD
Math-80f,PIT
Math-83f,MAJOR,LVR,LVR,AOR,AOR,AOR,AOR,STD,LVR,COR,LVR
Math-83f,PIT,InlineConstant,NonVoidMethodCall,NonVoidMethodCall,RemoveConditional,AOD,AOD,AOR,AOR,AOR,AOR,CRCR,CRCR,CRCR,CRCR,CRCR,ROR,UOI,UOI,InlineConstant,RemoveConditional,CRCR,CRCR,ROR,UOI,InlineConstant,CRCR,CRCR,CRCR,CRCR
Math-85f,MAJOR,ROR
Math-85f,PIT,InlineConstant,NonVoidMethodCall,RemoveConditional,ABS,ABS,AOD,AOD,AOD,AOR,AOR,CRCR,CRCR,CRCR,CRCR,CRCR,CRCR,CRCR,ROR,ROR,ROR,UOI
Math-86f,MAJOR
Math-86f,PIT,UOI,UOI,UOI,UOI,UOI
Math-87f,MAJOR,LVR
Math-87f,PIT,ABS,UOI,InlineConstant,AOD,AOD,CRCR,CRCR
Math-89f,MAJOR
Math-89f,PIT,ConstructorCall,RemoveConditional,ROR
Math-90f,MAJOR
Math-90f,PIT
Math-92f,MAJOR,LVR,ROR,LVR,ROR,AOR,AOR,ROR,LVR,LVR,ROR
Math-92f,PIT,ABS,ABS,CRCR,CRCR,Increments,RemoveConditional,ABS,ABS,AOD,AOR,AOR,CRCR,CRCR,CRCR,CRCR,ROR,ROR,ROR,UOI,UOI,UOI,RemoveConditional,CRCR,CRCR,CRCR,CRCR,ROR
Math-93f,MAJOR,LVR,LVR,LVR,LVR,LVR,LVR,LVR,LVR,LVR,LVR,LVR,LVR,LVR,LVR,LVR,LVR,LVR,LVR,LVR,LVR,LVR,LVR,LVR,LVR,ROR,LVR,LVR,ROR
Math-93f,PIT,RemoveConditional,CRCR,CRCR,ROR
Math-94f,MAJOR
Math-94f,PIT,CRCR
Math-95f,MAJOR,LVR,LVR,LVR,LVR,ROR,ROR
Math-95f,PIT,InlineConstant,InlineConstant,RemoveConditional,CRCR,CRCR,CRCR,CRCR,CRCR,CRCR,CRCR,CRCR,CRCR,CRCR,ROR,ROR
Math-96f,MAJOR
Math-96f,PIT
Math-97f,MAJOR,ROR,ROR,STD,ROR,STD,LVR,ROR,ROR,LVR,LVR,ROR,STD
Math-97f,PIT,InlineConstant,InlineConstant,RemoveConditional,RemoveConditional,RemoveConditional,RemoveConditional,ABS,ABS,ABS,CRCR,CRCR,CRCR,CRCR,CRCR,CRCR,ROR,ROR,ROR,ROR,ROR,ROR,UOI,UOI,UOI,UOI,UOI,UOI,UOI,UOI,UOI,UOI,UOI,UOI,UOI,UOI,UOI,UOI,UOI,UOI,UOI,UOI,UOI,UOI,UOI,UOI,UOI,UOI,UOI,UOI,UOI
Math-98f,MAJOR,LVR
Math-98f,PIT,VoidMethodCall,UOI,UOI,ArgumentPropagation,UOI,UOI,UOI,UOI
Math-99f,MAJOR,ROR,ROR,COR,COR,COR,ROR
Math-99f,PIT,NonVoidMethodCall,RemoveConditional,RemoveConditional,CRCR,CRCR,CRCR,CRCR,CRCR,CRCR,CRCR,CRCR,CRCR,CRCR,CRCR,CRCR,CRCR,CRCR,CRCR,ROR,ROR,ROR,ConstructorCall,InlineConstant,RemoveConditional,CRCR,CRCR,CRCR,CRCR,CRCR,ROR
Math-9f,MAJOR
Math-9f,PIT
Mockito-17f,MAJOR
Mockito-17f,PIT,ArgumentPropagation,ConstructorCall,NonVoidMethodCall,NonVoidMethodCall,RemoveConditional
Mockito-29f,MAJOR,ROR
Mockito-29f,PIT,RemoveConditional
Mockito-37f,MAJOR,STD,COR,COR
Mockito-37f,PIT,RemoveConditional,VoidMethodCall,ROR,NonVoidMethodCall,RemoveConditional,VoidMethodCall,ROR
Time-11f,MAJOR
Time-11f,PIT
Time-13f,MAJOR,LVR,ROR,ORU,ROR,COR,STD
Time-13f,PIT
Time-15f,MAJOR,ROR
Time-15f,PIT,ConstructorCall,ConstructorCall,InlineConstant,NonVoidMethodCall,NonVoidMethodCall,NonVoidMethodCall,NonVoidMethodCall,RemoveConditional,RemoveSwitch,CRCR,CRCR,CRCR,CRCR,ROR
Time-1f,MAJOR,ROR,ROR,COR,LVR,AOR,AOR
Time-1f,PIT,NonVoidMethodCall,NonVoidMethodCall,NonVoidMethodCall,NonVoidMethodCall,NonVoidMethodCall,RemoveConditional,RemoveConditional,NakedReceiver,NakedReceiver,NakedReceiver,NakedReceiver,AOR,AOR,CRCR,CRCR,ROR,ROR
Time-22f,MAJOR
Time-22f,PIT
Time-24f,MAJOR,COR,ROR,ROR,STD
Time-24f,PIT,ArgumentPropagation,InlineConstant,RemoveConditional,RemoveConditional,RemoveConditional,ABS,CRCR,CRCR,CRCR,CRCR,ROR,ROR,ROR
Time-27f,MAJOR,COR
Time-27f,PIT
Time-2f,MAJOR,ROR,COR,LVR
Time-2f,PIT,NonVoidMethodCall,RemoveConditional
Time-5f,MAJOR,LVR,ROR,ROR,COR,ROR
Time-5f,PIT,RemoveConditional,UOI,UOI
